year,geography,measure,adjustment,analysis,domain,condition,primary_sex,primary_age,primary_dual,fips,county,state,urban,primary_race,primary_eligibility,primary_denominator,analysis_value
2019,County,Average principal cost,Unsmoothed actual,Base measure,Primary chronic conditions,"Diabetes",All,All,Medicare only,1003,Baldwin County,ALABAMA,Rural,American Indian/Alaska native,Old Age / Survivor's Insurance,"undefined",398
2019,County,Average principal cost,Unsmoothed actual,Base measure,Primary chronic conditions,"Diabetes",All,All,Medicare only,1053,Escambia County,ALABAMA,Rural,American Indian/Alaska native,Old Age / Survivor's Insurance,"undefined",1040
2019,County,Average principal cost,Unsmoothed actual,Base measure,Primary chronic conditions,"Diabetes",All,All,Medicare only,1099,Monroe County,ALABAMA,Rural,American Indian/Alaska native,Old Age / Survivor's Insurance,"undefined",469
2019,County,Average principal cost,Unsmoothed actual,Base measure,Primary chronic conditions,"Diabetes",All,All,Medicare only,2020,Anchorage Municipality,ALASKA,Urban,American Indian/Alaska native,Old Age / Survivor's Insurance,"undefined",1083
2019,County,Average principal cost,Unsmoothed actual,Base measure,Primary chronic conditions,"Diabetes",All,All,Medicare only,2050,Bethel Census Area,ALASKA,Rural,American Indian/Alaska native,Old Age / Survivor's Insurance,"undefined",365
2019,County,Average principal cost,Unsmoothed actual,Base measure,Primary chronic conditions,"Diabetes",All,All,Medicare only,2060,Bristol Bay Borough,ALASKA,Rural,American Indian/Alaska native,Old Age / Survivor's Insurance,"undefined",2240
2019,County,Average principal cost,Unsmoothed actual,Base measure,Primary chronic conditions,"Diabetes",All,All,Medicare only,2070,Dillingham Census Area,ALASKA,Rural,American Indian/Alaska native,Old Age / Survivor's Insurance,"undefined",496
2019,County,Average principal cost,Unsmoothed actual,Base measure,Primary chronic conditions,"Diabetes",All,All,Medicare only,2090,Fairbanks North Star Borough,ALASKA,Urban,American Indian/Alaska native,Old Age / Survivor's Insurance,"undefined",252
2019,County,Average principal cost,Unsmoothed actual,Base measure,Primary chronic conditions,"Diabetes",All,All,Medicare only,2110,Juneau City and Borough,ALASKA,Rural,American Indian/Alaska native,Old Age / Survivor's Insurance,"undefined",1152
2019,County,Average principal cost,Unsmoothed actual,Base measure,Primary chronic conditions,"Diabetes",All,All,Medicare only,2130,Ketchikan Gateway Borough,ALASKA,Rural,American Indian/Alaska native,Old Age / Survivor's Insurance,"undefined",296
2019,County,Average principal cost,Unsmoothed actual,Base measure,Primary chronic conditions,"Diabetes",All,All,Medicare only,2150,Kodiak Island Borough,ALASKA,Rural,American Indian/Alaska native,Old Age / Survivor's Insurance,"undefined",194
2019,County,Average principal cost,Unsmoothed actual,Base measure,Primary chronic conditions,"Diabetes",All,All,Medicare only,2170,Matanuska-Susitna Borough,ALASKA,Urban,American Indian/Alaska native,Old Age / Survivor's Insurance,"undefined",405
2019,County,Average principal cost,Unsmoothed actual,Base measure,Primary chronic conditions,"Diabetes",All,All,Medicare only,2180,Nome Census Area,ALASKA,Rural,American Indian/Alaska native,Old Age / Survivor's Insurance,"undefined",1370
2019,County,Average principal cost,Unsmoothed actual,Base measure,Primary chronic conditions,"Diabetes",All,All,Medicare only,2220,Sitka City and Borough,ALASKA,Rural,American Indian/Alaska native,Old Age / Survivor's Insurance,"undefined",1932
2019,County,Average principal cost,Unsmoothed actual,Base measure,Primary chronic conditions,"Diabetes",All,All,Medicare only,2230,Skagway Municipality,ALASKA,Rural,American Indian/Alaska native,Old Age / Survivor's Insurance,"undefined",665
2019,County,Average principal cost,Unsmoothed actual,Base measure,Primary chronic conditions,"Diabetes",All,All,Medicare only,2270,Wade Hampton Census Area,ALASKA,Rural,American Indian/Alaska native,Old Age / Survivor's Insurance,"undefined",268
2019,County,Average principal cost,Unsmoothed actual,Base measure,Primary chronic conditions,"Diabetes",All,All,Medicare only,2290,Yukon-Koyukuk Census Area,ALASKA,Rural,American Indian/Alaska native,Old Age / Survivor's Insurance,"undefined",309
2019,County,Average principal cost,Unsmoothed actual,Base measure,Primary chronic conditions,"Diabetes",All,All,Medicare only,4001,Apache County,ARIZONA,Rural,American Indian/Alaska native,Old Age / Survivor's Insurance,"undefined",1325
2019,County,Average principal cost,Unsmoothed actual,Base measure,Primary chronic conditions,"Diabetes",All,All,Medicare only,4005,Coconino County,ARIZONA,Urban,American Indian/Alaska native,Old Age / Survivor's Insurance,"undefined",1025
2019,County,Average principal cost,Unsmoothed actual,Base measure,Primary chronic conditions,"Diabetes",All,All,Medicare only,4007,Gila County,ARIZONA,Rural,American Indian/Alaska native,Old Age / Survivor's Insurance,"undefined",1804
2019,County,Average principal cost,Unsmoothed actual,Base measure,Primary chronic conditions,"Diabetes",All,All,Medicare only,4009,Graham County,ARIZONA,Rural,American Indian/Alaska native,Old Age / Survivor's Insurance,"undefined",1217
2019,County,Average principal cost,Unsmoothed actual,Base measure,Primary chronic conditions,"Diabetes",All,All,Medicare only,4012,La Paz County,ARIZONA,Rural,American Indian/Alaska native,Old Age / Survivor's Insurance,"undefined",9741
2019,County,Average principal cost,Unsmoothed actual,Base measure,Primary chronic conditions,"Diabetes",All,All,Medicare only,4013,Maricopa County,ARIZONA,Urban,American Indian/Alaska native,Old Age / Survivor's Insurance,"undefined",1023
2019,County,Average principal cost,Unsmoothed actual,Base measure,Primary chronic conditions,"Diabetes",All,All,Medicare only,4015,Mohave County,ARIZONA,Urban,American Indian/Alaska native,Old Age / Survivor's Insurance,"undefined",485
2019,County,Average principal cost,Unsmoothed actual,Base measure,Primary chronic conditions,"Diabetes",All,All,Medicare only,4017,Navajo County,ARIZONA,Rural,American Indian/Alaska native,Old Age / Survivor's Insurance,"undefined",884
2019,County,Average principal cost,Unsmoothed actual,Base measure,Primary chronic conditions,"Diabetes",All,All,Medicare only,4019,Pima County,ARIZONA,Urban,American Indian/Alaska native,Old Age / Survivor's Insurance,"undefined",1611
2019,County,Average principal cost,Unsmoothed actual,Base measure,Primary chronic conditions,"Diabetes",All,All,Medicare only,4021,Pinal County,ARIZONA,Urban,American Indian/Alaska native,Old Age / Survivor's Insurance,"undefined",1789
2019,County,Average principal cost,Unsmoothed actual,Base measure,Primary chronic conditions,"Diabetes",All,All,Medicare only,4025,Yavapai County,ARIZONA,Urban,American Indian/Alaska native,Old Age / Survivor's Insurance,"undefined",596
2019,County,Average principal cost,Unsmoothed actual,Base measure,Primary chronic conditions,"Diabetes",All,All,Medicare only,4027,Yuma County,ARIZONA,Urban,American Indian/Alaska native,Old Age / Survivor's Insurance,"undefined",239
2019,County,Average principal cost,Unsmoothed actual,Base measure,Primary chronic conditions,"Diabetes",All,All,Medicare only,5007,Benton County,ARKANSAS,Urban,American Indian/Alaska native,Old Age / Survivor's Insurance,"undefined",818
2019,County,Average principal cost,Unsmoothed actual,Base measure,Primary chronic conditions,"Diabetes",All,All,Medicare only,5033,Crawford County,ARKANSAS,Urban,American Indian/Alaska native,Old Age / Survivor's Insurance,"undefined",763
2019,County,Average principal cost,Unsmoothed actual,Base measure,Primary chronic conditions,"Diabetes",All,All,Medicare only,5131,Sebastian County,ARKANSAS,Urban,American Indian/Alaska native,Old Age / Survivor's Insurance,"undefined",1097
2019,County,Average principal cost,Unsmoothed actual,Base measure,Primary chronic conditions,"Diabetes",All,All,Medicare only,5143,Washington County,ARKANSAS,Urban,American Indian/Alaska native,Old Age / Survivor's Insurance,"undefined",958
2019,County,Average principal cost,Unsmoothed actual,Base measure,Primary chronic conditions,"Diabetes",All,All,Medicare only,6005,Amador County,CALIFORNIA,Rural,American Indian/Alaska native,Old Age / Survivor's Insurance,"undefined",633
2019,County,Average principal cost,Unsmoothed actual,Base measure,Primary chronic conditions,"Diabetes",All,All,Medicare only,6007,Butte County,CALIFORNIA,Urban,American Indian/Alaska native,Old Age / Survivor's Insurance,"undefined",467
2019,County,Average principal cost,Unsmoothed actual,Base measure,Primary chronic conditions,"Diabetes",All,All,Medicare only,6009,Calaveras County,CALIFORNIA,Rural,American Indian/Alaska native,Old Age / Survivor's Insurance,"undefined",482
2019,County,Average principal cost,Unsmoothed actual,Base measure,Primary chronic conditions,"Diabetes",All,All,Medicare only,6013,Contra Costa County,CALIFORNIA,Urban,American Indian/Alaska native,Old Age / Survivor's Insurance,"undefined",130
2019,County,Average principal cost,Unsmoothed actual,Base measure,Primary chronic conditions,"Diabetes",All,All,Medicare only,6015,Del Norte County,CALIFORNIA,Rural,American Indian/Alaska native,Old Age / Survivor's Insurance,"undefined",362
2019,County,Average principal cost,Unsmoothed actual,Base measure,Primary chronic conditions,"Diabetes",All,All,Medicare only,6017,El Dorado County,CALIFORNIA,Urban,American Indian/Alaska native,Old Age / Survivor's Insurance,"undefined",326
2019,County,Average principal cost,Unsmoothed actual,Base measure,Primary chronic conditions,"Diabetes",All,All,Medicare only,6019,Fresno County,CALIFORNIA,Urban,American Indian/Alaska native,Old Age / Survivor's Insurance,"undefined",469
2019,County,Average principal cost,Unsmoothed actual,Base measure,Primary chronic conditions,"Diabetes",All,All,Medicare only,6021,Glenn County,CALIFORNIA,Rural,American Indian/Alaska native,Old Age / Survivor's Insurance,"undefined",336
2019,County,Average principal cost,Unsmoothed actual,Base measure,Primary chronic conditions,"Diabetes",All,All,Medicare only,6023,Humboldt County,CALIFORNIA,Rural,American Indian/Alaska native,Old Age / Survivor's Insurance,"undefined",963
2019,County,Average principal cost,Unsmoothed actual,Base measure,Primary chronic conditions,"Diabetes",All,All,Medicare only,6025,Imperial County,CALIFORNIA,Urban,American Indian/Alaska native,Old Age / Survivor's Insurance,"undefined",287
2019,County,Average principal cost,Unsmoothed actual,Base measure,Primary chronic conditions,"Diabetes",All,All,Medicare only,6027,Inyo County,CALIFORNIA,Rural,American Indian/Alaska native,Old Age / Survivor's Insurance,"undefined",1209
2019,County,Average principal cost,Unsmoothed actual,Base measure,Primary chronic conditions,"Diabetes",All,All,Medicare only,6029,Kern County,CALIFORNIA,Urban,American Indian/Alaska native,Old Age / Survivor's Insurance,"undefined",267
2019,County,Average principal cost,Unsmoothed actual,Base measure,Primary chronic conditions,"Diabetes",All,All,Medicare only,6031,Kings County,CALIFORNIA,Urban,American Indian/Alaska native,Old Age / Survivor's Insurance,"undefined",1062
2019,County,Average principal cost,Unsmoothed actual,Base measure,Primary chronic conditions,"Diabetes",All,All,Medicare only,6033,Lake County,CALIFORNIA,Rural,American Indian/Alaska native,Old Age / Survivor's Insurance,"undefined",797
2019,County,Average principal cost,Unsmoothed actual,Base measure,Primary chronic conditions,"Diabetes",All,All,Medicare only,6035,Lassen County,CALIFORNIA,Rural,American Indian/Alaska native,Old Age / Survivor's Insurance,"undefined",677
2019,County,Average principal cost,Unsmoothed actual,Base measure,Primary chronic conditions,"Diabetes",All,All,Medicare only,6037,Los Angeles County,CALIFORNIA,Urban,American Indian/Alaska native,Old Age / Survivor's Insurance,"undefined",538
2019,County,Average principal cost,Unsmoothed actual,Base measure,Primary chronic conditions,"Diabetes",All,All,Medicare only,6039,Madera County,CALIFORNIA,Urban,American Indian/Alaska native,Old Age / Survivor's Insurance,"undefined",279
2019,County,Average principal cost,Unsmoothed actual,Base measure,Primary chronic conditions,"Diabetes",All,All,Medicare only,6043,Mariposa County,CALIFORNIA,Rural,American Indian/Alaska native,Old Age / Survivor's Insurance,"undefined",844
2019,County,Average principal cost,Unsmoothed actual,Base measure,Primary chronic conditions,"Diabetes",All,All,Medicare only,6045,Mendocino County,CALIFORNIA,Rural,American Indian/Alaska native,Old Age / Survivor's Insurance,"undefined",524
2019,County,Average principal cost,Unsmoothed actual,Base measure,Primary chronic conditions,"Diabetes",All,All,Medicare only,6047,Merced County,CALIFORNIA,Urban,American Indian/Alaska native,Old Age / Survivor's Insurance,"undefined",297
2019,County,Average principal cost,Unsmoothed actual,Base measure,Primary chronic conditions,"Diabetes",All,All,Medicare only,6051,Mono County,CALIFORNIA,Rural,American Indian/Alaska native,Old Age / Survivor's Insurance,"undefined",251
2019,County,Average principal cost,Unsmoothed actual,Base measure,Primary chronic conditions,"Diabetes",All,All,Medicare only,6059,Orange County,CALIFORNIA,Urban,American Indian/Alaska native,Old Age / Survivor's Insurance,"undefined",1134
2019,County,Average principal cost,Unsmoothed actual,Base measure,Primary chronic conditions,"Diabetes",All,All,Medicare only,6061,Placer County,CALIFORNIA,Urban,American Indian/Alaska native,Old Age / Survivor's Insurance,"undefined",5391
2019,County,Average principal cost,Unsmoothed actual,Base measure,Primary chronic conditions,"Diabetes",All,All,Medicare only,6063,Plumas County,CALIFORNIA,Rural,American Indian/Alaska native,Old Age / Survivor's Insurance,"undefined",530
2019,County,Average principal cost,Unsmoothed actual,Base measure,Primary chronic conditions,"Diabetes",All,All,Medicare only,6065,Riverside County,CALIFORNIA,Urban,American Indian/Alaska native,Old Age / Survivor's Insurance,"undefined",493
2019,County,Average principal cost,Unsmoothed actual,Base measure,Primary chronic conditions,"Diabetes",All,All,Medicare only,6067,Sacramento County,CALIFORNIA,Urban,American Indian/Alaska native,Old Age / Survivor's Insurance,"undefined",259
2019,County,Average principal cost,Unsmoothed actual,Base measure,Primary chronic conditions,"Diabetes",All,All,Medicare only,6071,San Bernardino County,CALIFORNIA,Urban,American Indian/Alaska native,Old Age / Survivor's Insurance,"undefined",792
2019,County,Average principal cost,Unsmoothed actual,Base measure,Primary chronic conditions,"Diabetes",All,All,Medicare only,6073,San Diego County,CALIFORNIA,Urban,American Indian/Alaska native,Old Age / Survivor's Insurance,"undefined",849
2019,County,Average principal cost,Unsmoothed actual,Base measure,Primary chronic conditions,"Diabetes",All,All,Medicare only,6077,San Joaquin County,CALIFORNIA,Urban,American Indian/Alaska native,Old Age / Survivor's Insurance,"undefined",269
2019,County,Average principal cost,Unsmoothed actual,Base measure,Primary chronic conditions,"Diabetes",All,All,Medicare only,6079,San Luis Obispo County,CALIFORNIA,Urban,American Indian/Alaska native,Old Age / Survivor's Insurance,"undefined",388
2019,County,Average principal cost,Unsmoothed actual,Base measure,Primary chronic conditions,"Diabetes",All,All,Medicare only,6083,Santa Barbara County,CALIFORNIA,Urban,American Indian/Alaska native,Old Age / Survivor's Insurance,"undefined",529
2019,County,Average principal cost,Unsmoothed actual,Base measure,Primary chronic conditions,"Diabetes",All,All,Medicare only,6085,Santa Clara County,CALIFORNIA,Urban,American Indian/Alaska native,Old Age / Survivor's Insurance,"undefined",241
2019,County,Average principal cost,Unsmoothed actual,Base measure,Primary chronic conditions,"Diabetes",All,All,Medicare only,6089,Shasta County,CALIFORNIA,Urban,American Indian/Alaska native,Old Age / Survivor's Insurance,"undefined",902
2019,County,Average principal cost,Unsmoothed actual,Base measure,Primary chronic conditions,"Diabetes",All,All,Medicare only,6093,Siskiyou County,CALIFORNIA,Rural,American Indian/Alaska native,Old Age / Survivor's Insurance,"undefined",478
2019,County,Average principal cost,Unsmoothed actual,Base measure,Primary chronic conditions,"Diabetes",All,All,Medicare only,6097,Sonoma County,CALIFORNIA,Urban,American Indian/Alaska native,Old Age / Survivor's Insurance,"undefined",999
2019,County,Average principal cost,Unsmoothed actual,Base measure,Primary chronic conditions,"Diabetes",All,All,Medicare only,6099,Stanislaus County,CALIFORNIA,Urban,American Indian/Alaska native,Old Age / Survivor's Insurance,"undefined",2280
2019,County,Average principal cost,Unsmoothed actual,Base measure,Primary chronic conditions,"Diabetes",All,All,Medicare only,6101,Sutter County,CALIFORNIA,Urban,American Indian/Alaska native,Old Age / Survivor's Insurance,"undefined",471
2019,County,Average principal cost,Unsmoothed actual,Base measure,Primary chronic conditions,"Diabetes",All,All,Medicare only,6103,Tehama County,CALIFORNIA,Rural,American Indian/Alaska native,Old Age / Survivor's Insurance,"undefined",1774
2019,County,Average principal cost,Unsmoothed actual,Base measure,Primary chronic conditions,"Diabetes",All,All,Medicare only,6105,Trinity County,CALIFORNIA,Rural,American Indian/Alaska native,Old Age / Survivor's Insurance,"undefined",371
2019,County,Average principal cost,Unsmoothed actual,Base measure,Primary chronic conditions,"Diabetes",All,All,Medicare only,6107,Tulare County,CALIFORNIA,Urban,American Indian/Alaska native,Old Age / Survivor's Insurance,"undefined",437
2019,County,Average principal cost,Unsmoothed actual,Base measure,Primary chronic conditions,"Diabetes",All,All,Medicare only,6109,Tuolumne County,CALIFORNIA,Rural,American Indian/Alaska native,Old Age / Survivor's Insurance,"undefined",268
2019,County,Average principal cost,Unsmoothed actual,Base measure,Primary chronic conditions,"Diabetes",All,All,Medicare only,6111,Ventura County,CALIFORNIA,Urban,American Indian/Alaska native,Old Age / Survivor's Insurance,"undefined",212
2019,County,Average principal cost,Unsmoothed actual,Base measure,Primary chronic conditions,"Diabetes",All,All,Medicare only,6115,Yuba County,CALIFORNIA,Urban,American Indian/Alaska native,Old Age / Survivor's Insurance,"undefined",1008
2019,County,Average principal cost,Unsmoothed actual,Base measure,Primary chronic conditions,"Diabetes",All,All,Medicare only,8005,Arapahoe County,COLORADO,Urban,American Indian/Alaska native,Old Age / Survivor's Insurance,"undefined",453
2019,County,Average principal cost,Unsmoothed actual,Base measure,Primary chronic conditions,"Diabetes",All,All,Medicare only,8041,El Paso County,COLORADO,Urban,American Indian/Alaska native,Old Age / Survivor's Insurance,"undefined",174
2019,County,Average principal cost,Unsmoothed actual,Base measure,Primary chronic conditions,"Diabetes",All,All,Medicare only,8059,Jefferson County,COLORADO,Urban,American Indian/Alaska native,Old Age / Survivor's Insurance,"undefined",1190
2019,County,Average principal cost,Unsmoothed actual,Base measure,Primary chronic conditions,"Diabetes",All,All,Medicare only,8067,La Plata County,COLORADO,Rural,American Indian/Alaska native,Old Age / Survivor's Insurance,"undefined",373
2019,County,Average principal cost,Unsmoothed actual,Base measure,Primary chronic conditions,"Diabetes",All,All,Medicare only,8083,Montezuma County,COLORADO,Rural,American Indian/Alaska native,Old Age / Survivor's Insurance,"undefined",592
2019,County,Average principal cost,Unsmoothed actual,Base measure,Primary chronic conditions,"Diabetes",All,All,Medicare only,9011,New London County,CONNECTICUT,Urban,American Indian/Alaska native,Old Age / Survivor's Insurance,"undefined",407
2019,County,Average principal cost,Unsmoothed actual,Base measure,Primary chronic conditions,"Diabetes",All,All,Medicare only,12009,Brevard County,FLORIDA,Urban,American Indian/Alaska native,Old Age / Survivor's Insurance,"undefined",373
2019,County,Average principal cost,Unsmoothed actual,Base measure,Primary chronic conditions,"Diabetes",All,All,Medicare only,12011,Broward County,FLORIDA,Urban,American Indian/Alaska native,Old Age / Survivor's Insurance,"undefined",661
2019,County,Average principal cost,Unsmoothed actual,Base measure,Primary chronic conditions,"Diabetes",All,All,Medicare only,12021,Collier County,FLORIDA,Urban,American Indian/Alaska native,Old Age / Survivor's Insurance,"undefined",841
2019,County,Average principal cost,Unsmoothed actual,Base measure,Primary chronic conditions,"Diabetes",All,All,Medicare only,12033,Escambia County,FLORIDA,Urban,American Indian/Alaska native,Old Age / Survivor's Insurance,"undefined",655
2019,County,Average principal cost,Unsmoothed actual,Base measure,Primary chronic conditions,"Diabetes",All,All,Medicare only,12051,Hendry County,FLORIDA,Rural,American Indian/Alaska native,Old Age / Survivor's Insurance,"undefined",419
2019,County,Average principal cost,Unsmoothed actual,Base measure,Primary chronic conditions,"Diabetes",All,All,Medicare only,12069,Lake County,FLORIDA,Urban,American Indian/Alaska native,Old Age / Survivor's Insurance,"undefined",543
2019,County,Average principal cost,Unsmoothed actual,Base measure,Primary chronic conditions,"Diabetes",All,All,Medicare only,12071,Lee County,FLORIDA,Urban,American Indian/Alaska native,Old Age / Survivor's Insurance,"undefined",297
2019,County,Average principal cost,Unsmoothed actual,Base measure,Primary chronic conditions,"Diabetes",All,All,Medicare only,12083,Marion County,FLORIDA,Urban,American Indian/Alaska native,Old Age / Survivor's Insurance,"undefined",406
2019,County,Average principal cost,Unsmoothed actual,Base measure,Primary chronic conditions,"Diabetes",All,All,Medicare only,12093,Okeechobee County,FLORIDA,Rural,American Indian/Alaska native,Old Age / Survivor's Insurance,"undefined",1626
2019,County,Average principal cost,Unsmoothed actual,Base measure,Primary chronic conditions,"Diabetes",All,All,Medicare only,12095,Orange County,FLORIDA,Urban,American Indian/Alaska native,Old Age / Survivor's Insurance,"undefined",212
2019,County,Average principal cost,Unsmoothed actual,Base measure,Primary chronic conditions,"Diabetes",All,All,Medicare only,16001,Ada County,IDAHO,Urban,American Indian/Alaska native,Old Age / Survivor's Insurance,"undefined",436
2019,County,Average principal cost,Unsmoothed actual,Base measure,Primary chronic conditions,"Diabetes",All,All,Medicare only,16005,Bannock County,IDAHO,Urban,American Indian/Alaska native,Old Age / Survivor's Insurance,"undefined",154
2019,County,Average principal cost,Unsmoothed actual,Base measure,Primary chronic conditions,"Diabetes",All,All,Medicare only,16009,Benewah County,IDAHO,Rural,American Indian/Alaska native,Old Age / Survivor's Insurance,"undefined",352
2019,County,Average principal cost,Unsmoothed actual,Base measure,Primary chronic conditions,"Diabetes",All,All,Medicare only,16011,Bingham County,IDAHO,Rural,American Indian/Alaska native,Old Age / Survivor's Insurance,"undefined",510
2019,County,Average principal cost,Unsmoothed actual,Base measure,Primary chronic conditions,"Diabetes",All,All,Medicare only,16055,Kootenai County,IDAHO,Urban,American Indian/Alaska native,Old Age / Survivor's Insurance,"undefined",369
2019,County,Average principal cost,Unsmoothed actual,Base measure,Primary chronic conditions,"Diabetes",All,All,Medicare only,16069,Nez Perce County,IDAHO,Urban,American Indian/Alaska native,Old Age / Survivor's Insurance,"undefined",1318
2019,County,Average principal cost,Unsmoothed actual,Base measure,Primary chronic conditions,"Diabetes",All,All,Medicare only,17031,Cook County,ILLINOIS,Urban,American Indian/Alaska native,Old Age / Survivor's Insurance,"undefined",2788
2019,County,Average principal cost,Unsmoothed actual,Base measure,Primary chronic conditions,"Diabetes",All,All,Medicare only,19171,Tama County,IOWA,Rural,American Indian/Alaska native,Old Age / Survivor's Insurance,"undefined",1253
2019,County,Average principal cost,Unsmoothed actual,Base measure,Primary chronic conditions,"Diabetes",All,All,Medicare only,19193,Woodbury County,IOWA,Urban,American Indian/Alaska native,Old Age / Survivor's Insurance,"undefined",185
2019,County,Average principal cost,Unsmoothed actual,Base measure,Primary chronic conditions,"Diabetes",All,All,Medicare only,20013,Brown County,KANSAS,Rural,American Indian/Alaska native,Old Age / Survivor's Insurance,"undefined",717
2019,County,Average principal cost,Unsmoothed actual,Base measure,Primary chronic conditions,"Diabetes",All,All,Medicare only,20015,Butler County,KANSAS,Urban,American Indian/Alaska native,Old Age / Survivor's Insurance,"undefined",228
2019,County,Average principal cost,Unsmoothed actual,Base measure,Primary chronic conditions,"Diabetes",All,All,Medicare only,20021,Cherokee County,KANSAS,Rural,American Indian/Alaska native,Old Age / Survivor's Insurance,"undefined",741
2019,County,Average principal cost,Unsmoothed actual,Base measure,Primary chronic conditions,"Diabetes",All,All,Medicare only,20035,Cowley County,KANSAS,Rural,American Indian/Alaska native,Old Age / Survivor's Insurance,"undefined",930
2019,County,Average principal cost,Unsmoothed actual,Base measure,Primary chronic conditions,"Diabetes",All,All,Medicare only,20045,Douglas County,KANSAS,Urban,American Indian/Alaska native,Old Age / Survivor's Insurance,"undefined",564
2019,County,Average principal cost,Unsmoothed actual,Base measure,Primary chronic conditions,"Diabetes",All,All,Medicare only,20085,Jackson County,KANSAS,Urban,American Indian/Alaska native,Old Age / Survivor's Insurance,"undefined",301
2019,County,Average principal cost,Unsmoothed actual,Base measure,Primary chronic conditions,"Diabetes",All,All,Medicare only,20091,Johnson County,KANSAS,Urban,American Indian/Alaska native,Old Age / Survivor's Insurance,"undefined",480
2019,County,Average principal cost,Unsmoothed actual,Base measure,Primary chronic conditions,"Diabetes",All,All,Medicare only,20099,Labette County,KANSAS,Rural,American Indian/Alaska native,Old Age / Survivor's Insurance,"undefined",1000
2019,County,Average principal cost,Unsmoothed actual,Base measure,Primary chronic conditions,"Diabetes",All,All,Medicare only,20125,Montgomery County,KANSAS,Rural,American Indian/Alaska native,Old Age / Survivor's Insurance,"undefined",1007
2019,County,Average principal cost,Unsmoothed actual,Base measure,Primary chronic conditions,"Diabetes",All,All,Medicare only,20173,Sedgwick County,KANSAS,Urban,American Indian/Alaska native,Old Age / Survivor's Insurance,"undefined",857
2019,County,Average principal cost,Unsmoothed actual,Base measure,Primary chronic conditions,"Diabetes",All,All,Medicare only,20177,Shawnee County,KANSAS,Urban,American Indian/Alaska native,Old Age / Survivor's Insurance,"undefined",885
2019,County,Average principal cost,Unsmoothed actual,Base measure,Primary chronic conditions,"Diabetes",All,All,Medicare only,22053,Jefferson Davis Parish,LOUISIANA,Rural,American Indian/Alaska native,Old Age / Survivor's Insurance,"undefined",330
2019,County,Average principal cost,Unsmoothed actual,Base measure,Primary chronic conditions,"Diabetes",All,All,Medicare only,23019,Penobscot County,MAINE,Urban,American Indian/Alaska native,Old Age / Survivor's Insurance,"undefined",1573
2019,County,Average principal cost,Unsmoothed actual,Base measure,Primary chronic conditions,"Diabetes",All,All,Medicare only,23029,Washington County,MAINE,Rural,American Indian/Alaska native,Old Age / Survivor's Insurance,"undefined",783
2019,County,Average principal cost,Unsmoothed actual,Base measure,Primary chronic conditions,"Diabetes",All,All,Medicare only,24005,Baltimore County,MARYLAND,Urban,American Indian/Alaska native,Old Age / Survivor's Insurance,"undefined",728
2019,County,Average principal cost,Unsmoothed actual,Base measure,Primary chronic conditions,"Diabetes",All,All,Medicare only,24031,Montgomery County,MARYLAND,Urban,American Indian/Alaska native,Old Age / Survivor's Insurance,"undefined",199
2019,County,Average principal cost,Unsmoothed actual,Base measure,Primary chronic conditions,"Diabetes",All,All,Medicare only,24033,Prince George's County,MARYLAND,Urban,American Indian/Alaska native,Old Age / Survivor's Insurance,"undefined",325
2019,County,Average principal cost,Unsmoothed actual,Base measure,Primary chronic conditions,"Diabetes",All,All,Medicare only,25001,Barnstable County,MASSACHUSETTS,Urban,American Indian/Alaska native,Old Age / Survivor's Insurance,"undefined",1598
2019,County,Average principal cost,Unsmoothed actual,Base measure,Primary chronic conditions,"Diabetes",All,All,Medicare only,26003,Alger County,MICHIGAN,Rural,American Indian/Alaska native,Old Age / Survivor's Insurance,"undefined",569
2019,County,Average principal cost,Unsmoothed actual,Base measure,Primary chronic conditions,"Diabetes",All,All,Medicare only,26005,Allegan County,MICHIGAN,Rural,American Indian/Alaska native,Old Age / Survivor's Insurance,"undefined",1031
2019,County,Average principal cost,Unsmoothed actual,Base measure,Primary chronic conditions,"Diabetes",All,All,Medicare only,26013,Baraga County,MICHIGAN,Rural,American Indian/Alaska native,Old Age / Survivor's Insurance,"undefined",735
2019,County,Average principal cost,Unsmoothed actual,Base measure,Primary chronic conditions,"Diabetes",All,All,Medicare only,26017,Bay County,MICHIGAN,Urban,American Indian/Alaska native,Old Age / Survivor's Insurance,"undefined",773
2019,County,Average principal cost,Unsmoothed actual,Base measure,Primary chronic conditions,"Diabetes",All,All,Medicare only,26021,Berrien County,MICHIGAN,Urban,American Indian/Alaska native,Old Age / Survivor's Insurance,"undefined",1432
2019,County,Average principal cost,Unsmoothed actual,Base measure,Primary chronic conditions,"Diabetes",All,All,Medicare only,26029,Charlevoix County,MICHIGAN,Rural,American Indian/Alaska native,Old Age / Survivor's Insurance,"undefined",307
2019,County,Average principal cost,Unsmoothed actual,Base measure,Primary chronic conditions,"Diabetes",All,All,Medicare only,26031,Cheboygan County,MICHIGAN,Rural,American Indian/Alaska native,Old Age / Survivor's Insurance,"undefined",332
2019,County,Average principal cost,Unsmoothed actual,Base measure,Primary chronic conditions,"Diabetes",All,All,Medicare only,26033,Chippewa County,MICHIGAN,Rural,American Indian/Alaska native,Old Age / Survivor's Insurance,"undefined",773
2019,County,Average principal cost,Unsmoothed actual,Base measure,Primary chronic conditions,"Diabetes",All,All,Medicare only,26041,Delta County,MICHIGAN,Rural,American Indian/Alaska native,Old Age / Survivor's Insurance,"undefined",590
2019,County,Average principal cost,Unsmoothed actual,Base measure,Primary chronic conditions,"Diabetes",All,All,Medicare only,26047,Emmet County,MICHIGAN,Rural,American Indian/Alaska native,Old Age / Survivor's Insurance,"undefined",381
2019,County,Average principal cost,Unsmoothed actual,Base measure,Primary chronic conditions,"Diabetes",All,All,Medicare only,26055,Grand Traverse County,MICHIGAN,Rural,American Indian/Alaska native,Old Age / Survivor's Insurance,"undefined",3088
2019,County,Average principal cost,Unsmoothed actual,Base measure,Primary chronic conditions,"Diabetes",All,All,Medicare only,26065,Ingham County,MICHIGAN,Urban,American Indian/Alaska native,Old Age / Survivor's Insurance,"undefined",343
2019,County,Average principal cost,Unsmoothed actual,Base measure,Primary chronic conditions,"Diabetes",All,All,Medicare only,26073,Isabella County,MICHIGAN,Rural,American Indian/Alaska native,Old Age / Survivor's Insurance,"undefined",486
2019,County,Average principal cost,Unsmoothed actual,Base measure,Primary chronic conditions,"Diabetes",All,All,Medicare only,26077,Kalamazoo County,MICHIGAN,Urban,American Indian/Alaska native,Old Age / Survivor's Insurance,"undefined",610
2019,County,Average principal cost,Unsmoothed actual,Base measure,Primary chronic conditions,"Diabetes",All,All,Medicare only,26081,Kent County,MICHIGAN,Urban,American Indian/Alaska native,Old Age / Survivor's Insurance,"undefined",581
2019,County,Average principal cost,Unsmoothed actual,Base measure,Primary chronic conditions,"Diabetes",All,All,Medicare only,26089,Leelanau County,MICHIGAN,Rural,American Indian/Alaska native,Old Age / Survivor's Insurance,"undefined",1720
2019,County,Average principal cost,Unsmoothed actual,Base measure,Primary chronic conditions,"Diabetes",All,All,Medicare only,26097,Mackinac County,MICHIGAN,Rural,American Indian/Alaska native,Old Age / Survivor's Insurance,"undefined",419
2019,County,Average principal cost,Unsmoothed actual,Base measure,Primary chronic conditions,"Diabetes",All,All,Medicare only,26101,Manistee County,MICHIGAN,Rural,American Indian/Alaska native,Old Age / Survivor's Insurance,"undefined",1619
2019,County,Average principal cost,Unsmoothed actual,Base measure,Primary chronic conditions,"Diabetes",All,All,Medicare only,26103,Marquette County,MICHIGAN,Rural,American Indian/Alaska native,Old Age / Survivor's Insurance,"undefined",1024
2019,County,Average principal cost,Unsmoothed actual,Base measure,Primary chronic conditions,"Diabetes",All,All,Medicare only,26109,Menominee County,MICHIGAN,Rural,American Indian/Alaska native,Old Age / Survivor's Insurance,"undefined",440
2019,County,Average principal cost,Unsmoothed actual,Base measure,Primary chronic conditions,"Diabetes",All,All,Medicare only,26121,Muskegon County,MICHIGAN,Urban,American Indian/Alaska native,Old Age / Survivor's Insurance,"undefined",564
2019,County,Average principal cost,Unsmoothed actual,Base measure,Primary chronic conditions,"Diabetes",All,All,Medicare only,26153,Schoolcraft County,MICHIGAN,Rural,American Indian/Alaska native,Old Age / Survivor's Insurance,"undefined",451
2019,County,Average principal cost,Unsmoothed actual,Base measure,Primary chronic conditions,"Diabetes",All,All,Medicare only,26159,Van Buren County,MICHIGAN,Urban,American Indian/Alaska native,Old Age / Survivor's Insurance,"undefined",359
2019,County,Average principal cost,Unsmoothed actual,Base measure,Primary chronic conditions,"Diabetes",All,All,Medicare only,26163,Wayne County,MICHIGAN,Urban,American Indian/Alaska native,Old Age / Survivor's Insurance,"undefined",326
2019,County,Average principal cost,Unsmoothed actual,Base measure,Primary chronic conditions,"Diabetes",All,All,Medicare only,27005,Becker County,MINNESOTA,Rural,American Indian/Alaska native,Old Age / Survivor's Insurance,"undefined",159
2019,County,Average principal cost,Unsmoothed actual,Base measure,Primary chronic conditions,"Diabetes",All,All,Medicare only,27007,Beltrami County,MINNESOTA,Rural,American Indian/Alaska native,Old Age / Survivor's Insurance,"undefined",3182
2019,County,Average principal cost,Unsmoothed actual,Base measure,Primary chronic conditions,"Diabetes",All,All,Medicare only,27017,Carlton County,MINNESOTA,Urban,American Indian/Alaska native,Old Age / Survivor's Insurance,"undefined",366
2019,County,Average principal cost,Unsmoothed actual,Base measure,Primary chronic conditions,"Diabetes",All,All,Medicare only,27021,Cass County,MINNESOTA,Rural,American Indian/Alaska native,Old Age / Survivor's Insurance,"undefined",705
2019,County,Average principal cost,Unsmoothed actual,Base measure,Primary chronic conditions,"Diabetes",All,All,Medicare only,27029,Clearwater County,MINNESOTA,Rural,American Indian/Alaska native,Old Age / Survivor's Insurance,"undefined",1542
2019,County,Average principal cost,Unsmoothed actual,Base measure,Primary chronic conditions,"Diabetes",All,All,Medicare only,27049,Goodhue County,MINNESOTA,Rural,American Indian/Alaska native,Old Age / Survivor's Insurance,"undefined",130
2019,County,Average principal cost,Unsmoothed actual,Base measure,Primary chronic conditions,"Diabetes",All,All,Medicare only,27053,Hennepin County,MINNESOTA,Urban,American Indian/Alaska native,Old Age / Survivor's Insurance,"undefined",667
2019,County,Average principal cost,Unsmoothed actual,Base measure,Primary chronic conditions,"Diabetes",All,All,Medicare only,27061,Itasca County,MINNESOTA,Rural,American Indian/Alaska native,Old Age / Survivor's Insurance,"undefined",1322
2019,County,Average principal cost,Unsmoothed actual,Base measure,Primary chronic conditions,"Diabetes",All,All,Medicare only,27087,Mahnomen County,MINNESOTA,Rural,American Indian/Alaska native,Old Age / Survivor's Insurance,"undefined",173
2019,County,Average principal cost,Unsmoothed actual,Base measure,Primary chronic conditions,"Diabetes",All,All,Medicare only,27095,Mille Lacs County,MINNESOTA,Rural,American Indian/Alaska native,Old Age / Survivor's Insurance,"undefined",345
2019,County,Average principal cost,Unsmoothed actual,Base measure,Primary chronic conditions,"Diabetes",All,All,Medicare only,27123,Ramsey County,MINNESOTA,Urban,American Indian/Alaska native,Old Age / Survivor's Insurance,"undefined",2879
2019,County,Average principal cost,Unsmoothed actual,Base measure,Primary chronic conditions,"Diabetes",All,All,Medicare only,27129,Renville County,MINNESOTA,Rural,American Indian/Alaska native,Old Age / Survivor's Insurance,"undefined",482
2019,County,Average principal cost,Unsmoothed actual,Base measure,Primary chronic conditions,"Diabetes",All,All,Medicare only,27137,St. Louis County,MINNESOTA,Urban,American Indian/Alaska native,Old Age / Survivor's Insurance,"undefined",1124
2019,County,Average principal cost,Unsmoothed actual,Base measure,Primary chronic conditions,"Diabetes",All,All,Medicare only,27139,Scott County,MINNESOTA,Urban,American Indian/Alaska native,Old Age / Survivor's Insurance,"undefined",4381
2019,County,Average principal cost,Unsmoothed actual,Base measure,Primary chronic conditions,"Diabetes",All,All,Medicare only,28079,Leake County,MISSISSIPPI,Rural,American Indian/Alaska native,Old Age / Survivor's Insurance,"undefined",1053
2019,County,Average principal cost,Unsmoothed actual,Base measure,Primary chronic conditions,"Diabetes",All,All,Medicare only,28099,Neshoba County,MISSISSIPPI,Rural,American Indian/Alaska native,Old Age / Survivor's Insurance,"undefined",2116
2019,County,Average principal cost,Unsmoothed actual,Base measure,Primary chronic conditions,"Diabetes",All,All,Medicare only,29047,Clay County,MISSOURI,Urban,American Indian/Alaska native,Old Age / Survivor's Insurance,"undefined",604
2019,County,Average principal cost,Unsmoothed actual,Base measure,Primary chronic conditions,"Diabetes",All,All,Medicare only,29095,Jackson County,MISSOURI,Urban,American Indian/Alaska native,Old Age / Survivor's Insurance,"undefined",588
2019,County,Average principal cost,Unsmoothed actual,Base measure,Primary chronic conditions,"Diabetes",All,All,Medicare only,29097,Jasper County,MISSOURI,Urban,American Indian/Alaska native,Old Age / Survivor's Insurance,"undefined",598
2019,County,Average principal cost,Unsmoothed actual,Base measure,Primary chronic conditions,"Diabetes",All,All,Medicare only,29145,Newton County,MISSOURI,Urban,American Indian/Alaska native,Old Age / Survivor's Insurance,"undefined",727
2019,County,Average principal cost,Unsmoothed actual,Base measure,Primary chronic conditions,"Diabetes",All,All,Medicare only,30003,Big Horn County,MONTANA,Rural,American Indian/Alaska native,Old Age / Survivor's Insurance,"undefined",1535
2019,County,Average principal cost,Unsmoothed actual,Base measure,Primary chronic conditions,"Diabetes",All,All,Medicare only,30005,Blaine County,MONTANA,Rural,American Indian/Alaska native,Old Age / Survivor's Insurance,"undefined",865
2019,County,Average principal cost,Unsmoothed actual,Base measure,Primary chronic conditions,"Diabetes",All,All,Medicare only,30013,Cascade County,MONTANA,Urban,American Indian/Alaska native,Old Age / Survivor's Insurance,"undefined",480
2019,County,Average principal cost,Unsmoothed actual,Base measure,Primary chronic conditions,"Diabetes",All,All,Medicare only,30029,Flathead County,MONTANA,Rural,American Indian/Alaska native,Old Age / Survivor's Insurance,"undefined",865
2019,County,Average principal cost,Unsmoothed actual,Base measure,Primary chronic conditions,"Diabetes",All,All,Medicare only,30035,Glacier County,MONTANA,Rural,American Indian/Alaska native,Old Age / Survivor's Insurance,"undefined",934
2019,County,Average principal cost,Unsmoothed actual,Base measure,Primary chronic conditions,"Diabetes",All,All,Medicare only,30041,Hill County,MONTANA,Rural,American Indian/Alaska native,Old Age / Survivor's Insurance,"undefined",765
2019,County,Average principal cost,Unsmoothed actual,Base measure,Primary chronic conditions,"Diabetes",All,All,Medicare only,30047,Lake County,MONTANA,Rural,American Indian/Alaska native,Old Age / Survivor's Insurance,"undefined",769
2019,County,Average principal cost,Unsmoothed actual,Base measure,Primary chronic conditions,"Diabetes",All,All,Medicare only,30049,Lewis and Clark County,MONTANA,Rural,American Indian/Alaska native,Old Age / Survivor's Insurance,"undefined",385
2019,County,Average principal cost,Unsmoothed actual,Base measure,Primary chronic conditions,"Diabetes",All,All,Medicare only,30063,Missoula County,MONTANA,Urban,American Indian/Alaska native,Old Age / Survivor's Insurance,"undefined",203
2019,County,Average principal cost,Unsmoothed actual,Base measure,Primary chronic conditions,"Diabetes",All,All,Medicare only,30071,Phillips County,MONTANA,Rural,American Indian/Alaska native,Old Age / Survivor's Insurance,"undefined",558
2019,County,Average principal cost,Unsmoothed actual,Base measure,Primary chronic conditions,"Diabetes",All,All,Medicare only,30073,Pondera County,MONTANA,Rural,American Indian/Alaska native,Old Age / Survivor's Insurance,"undefined",442
2019,County,Average principal cost,Unsmoothed actual,Base measure,Primary chronic conditions,"Diabetes",All,All,Medicare only,30085,Roosevelt County,MONTANA,Rural,American Indian/Alaska native,Old Age / Survivor's Insurance,"undefined",693
2019,County,Average principal cost,Unsmoothed actual,Base measure,Primary chronic conditions,"Diabetes",All,All,Medicare only,30087,Rosebud County,MONTANA,Rural,American Indian/Alaska native,Old Age / Survivor's Insurance,"undefined",1539
2019,County,Average principal cost,Unsmoothed actual,Base measure,Primary chronic conditions,"Diabetes",All,All,Medicare only,30089,Sanders County,MONTANA,Rural,American Indian/Alaska native,Old Age / Survivor's Insurance,"undefined",385
2019,County,Average principal cost,Unsmoothed actual,Base measure,Primary chronic conditions,"Diabetes",All,All,Medicare only,30105,Valley County,MONTANA,Rural,American Indian/Alaska native,Old Age / Survivor's Insurance,"undefined",10608
2019,County,Average principal cost,Unsmoothed actual,Base measure,Primary chronic conditions,"Diabetes",All,All,Medicare only,30111,Yellowstone County,MONTANA,Urban,American Indian/Alaska native,Old Age / Survivor's Insurance,"undefined",563
2019,County,Average principal cost,Unsmoothed actual,Base measure,Primary chronic conditions,"Diabetes",All,All,Medicare only,31055,Douglas County,NEBRASKA,Urban,American Indian/Alaska native,Old Age / Survivor's Insurance,"undefined",341
2019,County,Average principal cost,Unsmoothed actual,Base measure,Primary chronic conditions,"Diabetes",All,All,Medicare only,31107,Knox County,NEBRASKA,Rural,American Indian/Alaska native,Old Age / Survivor's Insurance,"undefined",2619
2019,County,Average principal cost,Unsmoothed actual,Base measure,Primary chronic conditions,"Diabetes",All,All,Medicare only,31173,Thurston County,NEBRASKA,Rural,American Indian/Alaska native,Old Age / Survivor's Insurance,"undefined",822
2019,County,Average principal cost,Unsmoothed actual,Base measure,Primary chronic conditions,"Diabetes",All,All,Medicare only,32001,Churchill County,NEVADA,Rural,American Indian/Alaska native,Old Age / Survivor's Insurance,"undefined",393
2019,County,Average principal cost,Unsmoothed actual,Base measure,Primary chronic conditions,"Diabetes",All,All,Medicare only,32003,Clark County,NEVADA,Urban,American Indian/Alaska native,Old Age / Survivor's Insurance,"undefined",447
2019,County,Average principal cost,Unsmoothed actual,Base measure,Primary chronic conditions,"Diabetes",All,All,Medicare only,32007,Elko County,NEVADA,Rural,American Indian/Alaska native,Old Age / Survivor's Insurance,"undefined",1605
2019,County,Average principal cost,Unsmoothed actual,Base measure,Primary chronic conditions,"Diabetes",All,All,Medicare only,32019,Lyon County,NEVADA,Rural,American Indian/Alaska native,Old Age / Survivor's Insurance,"undefined",318
2019,County,Average principal cost,Unsmoothed actual,Base measure,Primary chronic conditions,"Diabetes",All,All,Medicare only,32021,Mineral County,NEVADA,Rural,American Indian/Alaska native,Old Age / Survivor's Insurance,"undefined",143
2019,County,Average principal cost,Unsmoothed actual,Base measure,Primary chronic conditions,"Diabetes",All,All,Medicare only,32031,Washoe County,NEVADA,Urban,American Indian/Alaska native,Old Age / Survivor's Insurance,"undefined",244
2019,County,Average principal cost,Unsmoothed actual,Base measure,Primary chronic conditions,"Diabetes",All,All,Medicare only,32033,White Pine County,NEVADA,Rural,American Indian/Alaska native,Old Age / Survivor's Insurance,"undefined",943
2019,County,Average principal cost,Unsmoothed actual,Base measure,Primary chronic conditions,"Diabetes",All,All,Medicare only,32510,Carson City,NEVADA,Urban,American Indian/Alaska native,Old Age / Survivor's Insurance,"undefined",295
2019,County,Average principal cost,Unsmoothed actual,Base measure,Primary chronic conditions,"Diabetes",All,All,Medicare only,35001,Bernalillo County,NEW MEXICO,Urban,American Indian/Alaska native,Old Age / Survivor's Insurance,"undefined",591
2019,County,Average principal cost,Unsmoothed actual,Base measure,Primary chronic conditions,"Diabetes",All,All,Medicare only,35006,Cibola County,NEW MEXICO,Rural,American Indian/Alaska native,Old Age / Survivor's Insurance,"undefined",1166
2019,County,Average principal cost,Unsmoothed actual,Base measure,Primary chronic conditions,"Diabetes",All,All,Medicare only,35013,Dona Ana County,NEW MEXICO,Urban,American Indian/Alaska native,Old Age / Survivor's Insurance,"undefined",390
2019,County,Average principal cost,Unsmoothed actual,Base measure,Primary chronic conditions,"Diabetes",All,All,Medicare only,35031,McKinley County,NEW MEXICO,Rural,American Indian/Alaska native,Old Age / Survivor's Insurance,"undefined",1232
2019,County,Average principal cost,Unsmoothed actual,Base measure,Primary chronic conditions,"Diabetes",All,All,Medicare only,35035,Otero County,NEW MEXICO,Rural,American Indian/Alaska native,Old Age / Survivor's Insurance,"undefined",1285
2019,County,Average principal cost,Unsmoothed actual,Base measure,Primary chronic conditions,"Diabetes",All,All,Medicare only,35039,Rio Arriba County,NEW MEXICO,Rural,American Indian/Alaska native,Old Age / Survivor's Insurance,"undefined",976
2019,County,Average principal cost,Unsmoothed actual,Base measure,Primary chronic conditions,"Diabetes",All,All,Medicare only,35043,Sandoval County,NEW MEXICO,Urban,American Indian/Alaska native,Old Age / Survivor's Insurance,"undefined",621
2019,County,Average principal cost,Unsmoothed actual,Base measure,Primary chronic conditions,"Diabetes",All,All,Medicare only,35045,San Juan County,NEW MEXICO,Urban,American Indian/Alaska native,Old Age / Survivor's Insurance,"undefined",1144
2019,County,Average principal cost,Unsmoothed actual,Base measure,Primary chronic conditions,"Diabetes",All,All,Medicare only,35049,Santa Fe County,NEW MEXICO,Urban,American Indian/Alaska native,Old Age / Survivor's Insurance,"undefined",677
2019,County,Average principal cost,Unsmoothed actual,Base measure,Primary chronic conditions,"Diabetes",All,All,Medicare only,35053,Socorro County,NEW MEXICO,Rural,American Indian/Alaska native,Old Age / Survivor's Insurance,"undefined",310
2019,County,Average principal cost,Unsmoothed actual,Base measure,Primary chronic conditions,"Diabetes",All,All,Medicare only,35055,Taos County,NEW MEXICO,Rural,American Indian/Alaska native,Old Age / Survivor's Insurance,"undefined",1205
2019,County,Average principal cost,Unsmoothed actual,Base measure,Primary chronic conditions,"Diabetes",All,All,Medicare only,35061,Valencia County,NEW MEXICO,Urban,American Indian/Alaska native,Old Age / Survivor's Insurance,"undefined",970
2019,County,Average principal cost,Unsmoothed actual,Base measure,Primary chronic conditions,"Diabetes",All,All,Medicare only,36009,Cattaraugus County,NEW YORK,Rural,American Indian/Alaska native,Old Age / Survivor's Insurance,"undefined",699
2019,County,Average principal cost,Unsmoothed actual,Base measure,Primary chronic conditions,"Diabetes",All,All,Medicare only,36029,Erie County,NEW YORK,Urban,American Indian/Alaska native,Old Age / Survivor's Insurance,"undefined",614
2019,County,Average principal cost,Unsmoothed actual,Base measure,Primary chronic conditions,"Diabetes",All,All,Medicare only,36033,Franklin County,NEW YORK,Rural,American Indian/Alaska native,Old Age / Survivor's Insurance,"undefined",1254
2019,County,Average principal cost,Unsmoothed actual,Base measure,Primary chronic conditions,"Diabetes",All,All,Medicare only,36037,Genesee County,NEW YORK,Rural,American Indian/Alaska native,Old Age / Survivor's Insurance,"undefined",426
2019,County,Average principal cost,Unsmoothed actual,Base measure,Primary chronic conditions,"Diabetes",All,All,Medicare only,36047,Kings County,NEW YORK,Urban,American Indian/Alaska native,Old Age / Survivor's Insurance,"undefined",262
2019,County,Average principal cost,Unsmoothed actual,Base measure,Primary chronic conditions,"Diabetes",All,All,Medicare only,36059,Nassau County,NEW YORK,Urban,American Indian/Alaska native,Old Age / Survivor's Insurance,"undefined",418
2019,County,Average principal cost,Unsmoothed actual,Base measure,Primary chronic conditions,"Diabetes",All,All,Medicare only,36067,Onondaga County,NEW YORK,Urban,American Indian/Alaska native,Old Age / Survivor's Insurance,"undefined",398
2019,County,Average principal cost,Unsmoothed actual,Base measure,Primary chronic conditions,"Diabetes",All,All,Medicare only,36081,Queens County,NEW YORK,Urban,American Indian/Alaska native,Old Age / Survivor's Insurance,"undefined",896
2019,County,Average principal cost,Unsmoothed actual,Base measure,Primary chronic conditions,"Diabetes",All,All,Medicare only,36089,St. Lawrence County,NEW YORK,Rural,American Indian/Alaska native,Old Age / Survivor's Insurance,"undefined",625
2019,County,Average principal cost,Unsmoothed actual,Base measure,Primary chronic conditions,"Diabetes",All,All,Medicare only,36103,Suffolk County,NEW YORK,Urban,American Indian/Alaska native,Old Age / Survivor's Insurance,"undefined",1827
2019,County,Average principal cost,Unsmoothed actual,Base measure,Primary chronic conditions,"Diabetes",All,All,Medicare only,37039,Cherokee County,NORTH CAROLINA,Rural,American Indian/Alaska native,Old Age / Survivor's Insurance,"undefined",1674
2019,County,Average principal cost,Unsmoothed actual,Base measure,Primary chronic conditions,"Diabetes",All,All,Medicare only,37047,Columbus County,NORTH CAROLINA,Rural,American Indian/Alaska native,Old Age / Survivor's Insurance,"undefined",192
2019,County,Average principal cost,Unsmoothed actual,Base measure,Primary chronic conditions,"Diabetes",All,All,Medicare only,37051,Cumberland County,NORTH CAROLINA,Urban,American Indian/Alaska native,Old Age / Survivor's Insurance,"undefined",1088
2019,County,Average principal cost,Unsmoothed actual,Base measure,Primary chronic conditions,"Diabetes",All,All,Medicare only,37075,Graham County,NORTH CAROLINA,Rural,American Indian/Alaska native,Old Age / Survivor's Insurance,"undefined",774
2019,County,Average principal cost,Unsmoothed actual,Base measure,Primary chronic conditions,"Diabetes",All,All,Medicare only,37099,Jackson County,NORTH CAROLINA,Rural,American Indian/Alaska native,Old Age / Survivor's Insurance,"undefined",2704
2019,County,Average principal cost,Unsmoothed actual,Base measure,Primary chronic conditions,"Diabetes",All,All,Medicare only,37155,Robeson County,NORTH CAROLINA,Rural,American Indian/Alaska native,Old Age / Survivor's Insurance,"undefined",352
2019,County,Average principal cost,Unsmoothed actual,Base measure,Primary chronic conditions,"Diabetes",All,All,Medicare only,37173,Swain County,NORTH CAROLINA,Rural,American Indian/Alaska native,Old Age / Survivor's Insurance,"undefined",2274
2019,County,Average principal cost,Unsmoothed actual,Base measure,Primary chronic conditions,"Diabetes",All,All,Medicare only,38005,Benson County,NORTH DAKOTA,Rural,American Indian/Alaska native,Old Age / Survivor's Insurance,"undefined",548
2019,County,Average principal cost,Unsmoothed actual,Base measure,Primary chronic conditions,"Diabetes",All,All,Medicare only,38015,Burleigh County,NORTH DAKOTA,Urban,American Indian/Alaska native,Old Age / Survivor's Insurance,"undefined",486
2019,County,Average principal cost,Unsmoothed actual,Base measure,Primary chronic conditions,"Diabetes",All,All,Medicare only,38035,Grand Forks County,NORTH DAKOTA,Urban,American Indian/Alaska native,Old Age / Survivor's Insurance,"undefined",528
2019,County,Average principal cost,Unsmoothed actual,Base measure,Primary chronic conditions,"Diabetes",All,All,Medicare only,38053,McKenzie County,NORTH DAKOTA,Rural,American Indian/Alaska native,Old Age / Survivor's Insurance,"undefined",196
2019,County,Average principal cost,Unsmoothed actual,Base measure,Primary chronic conditions,"Diabetes",All,All,Medicare only,38055,McLean County,NORTH DAKOTA,Rural,American Indian/Alaska native,Old Age / Survivor's Insurance,"undefined",234
2019,County,Average principal cost,Unsmoothed actual,Base measure,Primary chronic conditions,"Diabetes",All,All,Medicare only,38061,Mountrail County,NORTH DAKOTA,Rural,American Indian/Alaska native,Old Age / Survivor's Insurance,"undefined",2144
2019,County,Average principal cost,Unsmoothed actual,Base measure,Primary chronic conditions,"Diabetes",All,All,Medicare only,38071,Ramsey County,NORTH DAKOTA,Rural,American Indian/Alaska native,Old Age / Survivor's Insurance,"undefined",272
2019,County,Average principal cost,Unsmoothed actual,Base measure,Primary chronic conditions,"Diabetes",All,All,Medicare only,38079,Rolette County,NORTH DAKOTA,Rural,American Indian/Alaska native,Old Age / Survivor's Insurance,"undefined",1162
2019,County,Average principal cost,Unsmoothed actual,Base measure,Primary chronic conditions,"Diabetes",All,All,Medicare only,38085,Sioux County,NORTH DAKOTA,Rural,American Indian/Alaska native,Old Age / Survivor's Insurance,"undefined",1074
2019,County,Average principal cost,Unsmoothed actual,Base measure,Primary chronic conditions,"Diabetes",All,All,Medicare only,38101,Ward County,NORTH DAKOTA,Rural,American Indian/Alaska native,Old Age / Survivor's Insurance,"undefined",324
2019,County,Average principal cost,Unsmoothed actual,Base measure,Primary chronic conditions,"Diabetes",All,All,Medicare only,38105,Williams County,NORTH DAKOTA,Rural,American Indian/Alaska native,Old Age / Survivor's Insurance,"undefined",208
2019,County,Average principal cost,Unsmoothed actual,Base measure,Primary chronic conditions,"Diabetes",All,All,Medicare only,40001,Adair County,OKLAHOMA,Rural,American Indian/Alaska native,Old Age / Survivor's Insurance,"undefined",1075
2019,County,Average principal cost,Unsmoothed actual,Base measure,Primary chronic conditions,"Diabetes",All,All,Medicare only,40005,Atoka County,OKLAHOMA,Rural,American Indian/Alaska native,Old Age / Survivor's Insurance,"undefined",1778
2019,County,Average principal cost,Unsmoothed actual,Base measure,Primary chronic conditions,"Diabetes",All,All,Medicare only,40009,Beckham County,OKLAHOMA,Rural,American Indian/Alaska native,Old Age / Survivor's Insurance,"undefined",805
2019,County,Average principal cost,Unsmoothed actual,Base measure,Primary chronic conditions,"Diabetes",All,All,Medicare only,40011,Blaine County,OKLAHOMA,Rural,American Indian/Alaska native,Old Age / Survivor's Insurance,"undefined",856
2019,County,Average principal cost,Unsmoothed actual,Base measure,Primary chronic conditions,"Diabetes",All,All,Medicare only,40013,Bryan County,OKLAHOMA,Rural,American Indian/Alaska native,Old Age / Survivor's Insurance,"undefined",1370
2019,County,Average principal cost,Unsmoothed actual,Base measure,Primary chronic conditions,"Diabetes",All,All,Medicare only,40015,Caddo County,OKLAHOMA,Rural,American Indian/Alaska native,Old Age / Survivor's Insurance,"undefined",1580
2019,County,Average principal cost,Unsmoothed actual,Base measure,Primary chronic conditions,"Diabetes",All,All,Medicare only,40017,Canadian County,OKLAHOMA,Urban,American Indian/Alaska native,Old Age / Survivor's Insurance,"undefined",1096
2019,County,Average principal cost,Unsmoothed actual,Base measure,Primary chronic conditions,"Diabetes",All,All,Medicare only,40019,Carter County,OKLAHOMA,Rural,American Indian/Alaska native,Old Age / Survivor's Insurance,"undefined",1930
2019,County,Average principal cost,Unsmoothed actual,Base measure,Primary chronic conditions,"Diabetes",All,All,Medicare only,40021,Cherokee County,OKLAHOMA,Rural,American Indian/Alaska native,Old Age / Survivor's Insurance,"undefined",1125
2019,County,Average principal cost,Unsmoothed actual,Base measure,Primary chronic conditions,"Diabetes",All,All,Medicare only,40023,Choctaw County,OKLAHOMA,Rural,American Indian/Alaska native,Old Age / Survivor's Insurance,"undefined",1692
2019,County,Average principal cost,Unsmoothed actual,Base measure,Primary chronic conditions,"Diabetes",All,All,Medicare only,40027,Cleveland County,OKLAHOMA,Urban,American Indian/Alaska native,Old Age / Survivor's Insurance,"undefined",802
2019,County,Average principal cost,Unsmoothed actual,Base measure,Primary chronic conditions,"Diabetes",All,All,Medicare only,40029,Coal County,OKLAHOMA,Rural,American Indian/Alaska native,Old Age / Survivor's Insurance,"undefined",750
2019,County,Average principal cost,Unsmoothed actual,Base measure,Primary chronic conditions,"Diabetes",All,All,Medicare only,40031,Comanche County,OKLAHOMA,Urban,American Indian/Alaska native,Old Age / Survivor's Insurance,"undefined",1139
2019,County,Average principal cost,Unsmoothed actual,Base measure,Primary chronic conditions,"Diabetes",All,All,Medicare only,40033,Cotton County,OKLAHOMA,Rural,American Indian/Alaska native,Old Age / Survivor's Insurance,"undefined",1645
2019,County,Average principal cost,Unsmoothed actual,Base measure,Primary chronic conditions,"Diabetes",All,All,Medicare only,40035,Craig County,OKLAHOMA,Rural,American Indian/Alaska native,Old Age / Survivor's Insurance,"undefined",1321
2019,County,Average principal cost,Unsmoothed actual,Base measure,Primary chronic conditions,"Diabetes",All,All,Medicare only,40037,Creek County,OKLAHOMA,Urban,American Indian/Alaska native,Old Age / Survivor's Insurance,"undefined",685
2019,County,Average principal cost,Unsmoothed actual,Base measure,Primary chronic conditions,"Diabetes",All,All,Medicare only,40039,Custer County,OKLAHOMA,Rural,American Indian/Alaska native,Old Age / Survivor's Insurance,"undefined",1362
2019,County,Average principal cost,Unsmoothed actual,Base measure,Primary chronic conditions,"Diabetes",All,All,Medicare only,40041,Delaware County,OKLAHOMA,Rural,American Indian/Alaska native,Old Age / Survivor's Insurance,"undefined",1300
2019,County,Average principal cost,Unsmoothed actual,Base measure,Primary chronic conditions,"Diabetes",All,All,Medicare only,40047,Garfield County,OKLAHOMA,Rural,American Indian/Alaska native,Old Age / Survivor's Insurance,"undefined",871
2019,County,Average principal cost,Unsmoothed actual,Base measure,Primary chronic conditions,"Diabetes",All,All,Medicare only,40049,Garvin County,OKLAHOMA,Rural,American Indian/Alaska native,Old Age / Survivor's Insurance,"undefined",852
2019,County,Average principal cost,Unsmoothed actual,Base measure,Primary chronic conditions,"Diabetes",All,All,Medicare only,40051,Grady County,OKLAHOMA,Urban,American Indian/Alaska native,Old Age / Survivor's Insurance,"undefined",772
2019,County,Average principal cost,Unsmoothed actual,Base measure,Primary chronic conditions,"Diabetes",All,All,Medicare only,40061,Haskell County,OKLAHOMA,Rural,American Indian/Alaska native,Old Age / Survivor's Insurance,"undefined",2315
2019,County,Average principal cost,Unsmoothed actual,Base measure,Primary chronic conditions,"Diabetes",All,All,Medicare only,40063,Hughes County,OKLAHOMA,Rural,American Indian/Alaska native,Old Age / Survivor's Insurance,"undefined",723
2019,County,Average principal cost,Unsmoothed actual,Base measure,Primary chronic conditions,"Diabetes",All,All,Medicare only,40065,Jackson County,OKLAHOMA,Rural,American Indian/Alaska native,Old Age / Survivor's Insurance,"undefined",1044
2019,County,Average principal cost,Unsmoothed actual,Base measure,Primary chronic conditions,"Diabetes",All,All,Medicare only,40067,Jefferson County,OKLAHOMA,Rural,American Indian/Alaska native,Old Age / Survivor's Insurance,"undefined",677
2019,County,Average principal cost,Unsmoothed actual,Base measure,Primary chronic conditions,"Diabetes",All,All,Medicare only,40069,Johnston County,OKLAHOMA,Rural,American Indian/Alaska native,Old Age / Survivor's Insurance,"undefined",897
2019,County,Average principal cost,Unsmoothed actual,Base measure,Primary chronic conditions,"Diabetes",All,All,Medicare only,40071,Kay County,OKLAHOMA,Rural,American Indian/Alaska native,Old Age / Survivor's Insurance,"undefined",771
2019,County,Average principal cost,Unsmoothed actual,Base measure,Primary chronic conditions,"Diabetes",All,All,Medicare only,40073,Kingfisher County,OKLAHOMA,Rural,American Indian/Alaska native,Old Age / Survivor's Insurance,"undefined",1167
2019,County,Average principal cost,Unsmoothed actual,Base measure,Primary chronic conditions,"Diabetes",All,All,Medicare only,40075,Kiowa County,OKLAHOMA,Rural,American Indian/Alaska native,Old Age / Survivor's Insurance,"undefined",1271
2019,County,Average principal cost,Unsmoothed actual,Base measure,Primary chronic conditions,"Diabetes",All,All,Medicare only,40077,Latimer County,OKLAHOMA,Rural,American Indian/Alaska native,Old Age / Survivor's Insurance,"undefined",1302
2019,County,Average principal cost,Unsmoothed actual,Base measure,Primary chronic conditions,"Diabetes",All,All,Medicare only,40079,Le Flore County,OKLAHOMA,Urban,American Indian/Alaska native,Old Age / Survivor's Insurance,"undefined",1705
2019,County,Average principal cost,Unsmoothed actual,Base measure,Primary chronic conditions,"Diabetes",All,All,Medicare only,40081,Lincoln County,OKLAHOMA,Urban,American Indian/Alaska native,Old Age / Survivor's Insurance,"undefined",893
2019,County,Average principal cost,Unsmoothed actual,Base measure,Primary chronic conditions,"Diabetes",All,All,Medicare only,40083,Logan County,OKLAHOMA,Urban,American Indian/Alaska native,Old Age / Survivor's Insurance,"undefined",714
2019,County,Average principal cost,Unsmoothed actual,Base measure,Primary chronic conditions,"Diabetes",All,All,Medicare only,40085,Love County,OKLAHOMA,Rural,American Indian/Alaska native,Old Age / Survivor's Insurance,"undefined",1583
2019,County,Average principal cost,Unsmoothed actual,Base measure,Primary chronic conditions,"Diabetes",All,All,Medicare only,40087,McClain County,OKLAHOMA,Urban,American Indian/Alaska native,Old Age / Survivor's Insurance,"undefined",801
2019,County,Average principal cost,Unsmoothed actual,Base measure,Primary chronic conditions,"Diabetes",All,All,Medicare only,40089,McCurtain County,OKLAHOMA,Rural,American Indian/Alaska native,Old Age / Survivor's Insurance,"undefined",1692
2019,County,Average principal cost,Unsmoothed actual,Base measure,Primary chronic conditions,"Diabetes",All,All,Medicare only,40091,McIntosh County,OKLAHOMA,Rural,American Indian/Alaska native,Old Age / Survivor's Insurance,"undefined",1813
2019,County,Average principal cost,Unsmoothed actual,Base measure,Primary chronic conditions,"Diabetes",All,All,Medicare only,40095,Marshall County,OKLAHOMA,Rural,American Indian/Alaska native,Old Age / Survivor's Insurance,"undefined",912
2019,County,Average principal cost,Unsmoothed actual,Base measure,Primary chronic conditions,"Diabetes",All,All,Medicare only,40097,Mayes County,OKLAHOMA,Rural,American Indian/Alaska native,Old Age / Survivor's Insurance,"undefined",1500
2019,County,Average principal cost,Unsmoothed actual,Base measure,Primary chronic conditions,"Diabetes",All,All,Medicare only,40099,Murray County,OKLAHOMA,Rural,American Indian/Alaska native,Old Age / Survivor's Insurance,"undefined",1048
2019,County,Average principal cost,Unsmoothed actual,Base measure,Primary chronic conditions,"Diabetes",All,All,Medicare only,40101,Muskogee County,OKLAHOMA,Rural,American Indian/Alaska native,Old Age / Survivor's Insurance,"undefined",1447
2019,County,Average principal cost,Unsmoothed actual,Base measure,Primary chronic conditions,"Diabetes",All,All,Medicare only,40103,Noble County,OKLAHOMA,Rural,American Indian/Alaska native,Old Age / Survivor's Insurance,"undefined",812
2019,County,Average principal cost,Unsmoothed actual,Base measure,Primary chronic conditions,"Diabetes",All,All,Medicare only,40105,Nowata County,OKLAHOMA,Rural,American Indian/Alaska native,Old Age / Survivor's Insurance,"undefined",1412
2019,County,Average principal cost,Unsmoothed actual,Base measure,Primary chronic conditions,"Diabetes",All,All,Medicare only,40107,Okfuskee County,OKLAHOMA,Rural,American Indian/Alaska native,Old Age / Survivor's Insurance,"undefined",1012
2019,County,Average principal cost,Unsmoothed actual,Base measure,Primary chronic conditions,"Diabetes",All,All,Medicare only,40109,Oklahoma County,OKLAHOMA,Urban,American Indian/Alaska native,Old Age / Survivor's Insurance,"undefined",973
2019,County,Average principal cost,Unsmoothed actual,Base measure,Primary chronic conditions,"Diabetes",All,All,Medicare only,40111,Okmulgee County,OKLAHOMA,Urban,American Indian/Alaska native,Old Age / Survivor's Insurance,"undefined",955
2019,County,Average principal cost,Unsmoothed actual,Base measure,Primary chronic conditions,"Diabetes",All,All,Medicare only,40113,Osage County,OKLAHOMA,Urban,American Indian/Alaska native,Old Age / Survivor's Insurance,"undefined",1099
2019,County,Average principal cost,Unsmoothed actual,Base measure,Primary chronic conditions,"Diabetes",All,All,Medicare only,40115,Ottawa County,OKLAHOMA,Rural,American Indian/Alaska native,Old Age / Survivor's Insurance,"undefined",845
2019,County,Average principal cost,Unsmoothed actual,Base measure,Primary chronic conditions,"Diabetes",All,All,Medicare only,40117,Pawnee County,OKLAHOMA,Urban,American Indian/Alaska native,Old Age / Survivor's Insurance,"undefined",944
2019,County,Average principal cost,Unsmoothed actual,Base measure,Primary chronic conditions,"Diabetes",All,All,Medicare only,40119,Payne County,OKLAHOMA,Rural,American Indian/Alaska native,Old Age / Survivor's Insurance,"undefined",787
2019,County,Average principal cost,Unsmoothed actual,Base measure,Primary chronic conditions,"Diabetes",All,All,Medicare only,40121,Pittsburg County,OKLAHOMA,Rural,American Indian/Alaska native,Old Age / Survivor's Insurance,"undefined",1717
2019,County,Average principal cost,Unsmoothed actual,Base measure,Primary chronic conditions,"Diabetes",All,All,Medicare only,40123,Pontotoc County,OKLAHOMA,Rural,American Indian/Alaska native,Old Age / Survivor's Insurance,"undefined",1131
2019,County,Average principal cost,Unsmoothed actual,Base measure,Primary chronic conditions,"Diabetes",All,All,Medicare only,40125,Pottawatomie County,OKLAHOMA,Rural,American Indian/Alaska native,Old Age / Survivor's Insurance,"undefined",915
2019,County,Average principal cost,Unsmoothed actual,Base measure,Primary chronic conditions,"Diabetes",All,All,Medicare only,40127,Pushmataha County,OKLAHOMA,Rural,American Indian/Alaska native,Old Age / Survivor's Insurance,"undefined",1404
2019,County,Average principal cost,Unsmoothed actual,Base measure,Primary chronic conditions,"Diabetes",All,All,Medicare only,40131,Rogers County,OKLAHOMA,Urban,American Indian/Alaska native,Old Age / Survivor's Insurance,"undefined",1032
2019,County,Average principal cost,Unsmoothed actual,Base measure,Primary chronic conditions,"Diabetes",All,All,Medicare only,40133,Seminole County,OKLAHOMA,Rural,American Indian/Alaska native,Old Age / Survivor's Insurance,"undefined",2188
2019,County,Average principal cost,Unsmoothed actual,Base measure,Primary chronic conditions,"Diabetes",All,All,Medicare only,40135,Sequoyah County,OKLAHOMA,Urban,American Indian/Alaska native,Old Age / Survivor's Insurance,"undefined",1383
2019,County,Average principal cost,Unsmoothed actual,Base measure,Primary chronic conditions,"Diabetes",All,All,Medicare only,40137,Stephens County,OKLAHOMA,Rural,American Indian/Alaska native,Old Age / Survivor's Insurance,"undefined",1163
2019,County,Average principal cost,Unsmoothed actual,Base measure,Primary chronic conditions,"Diabetes",All,All,Medicare only,40143,Tulsa County,OKLAHOMA,Urban,American Indian/Alaska native,Old Age / Survivor's Insurance,"undefined",981
2019,County,Average principal cost,Unsmoothed actual,Base measure,Primary chronic conditions,"Diabetes",All,All,Medicare only,40145,Wagoner County,OKLAHOMA,Urban,American Indian/Alaska native,Old Age / Survivor's Insurance,"undefined",1008
2019,County,Average principal cost,Unsmoothed actual,Base measure,Primary chronic conditions,"Diabetes",All,All,Medicare only,40147,Washington County,OKLAHOMA,Rural,American Indian/Alaska native,Old Age / Survivor's Insurance,"undefined",1337
2019,County,Average principal cost,Unsmoothed actual,Base measure,Primary chronic conditions,"Diabetes",All,All,Medicare only,41005,Clackamas County,OREGON,Urban,American Indian/Alaska native,Old Age / Survivor's Insurance,"undefined",328
2019,County,Average principal cost,Unsmoothed actual,Base measure,Primary chronic conditions,"Diabetes",All,All,Medicare only,41011,Coos County,OREGON,Rural,American Indian/Alaska native,Old Age / Survivor's Insurance,"undefined",443
2019,County,Average principal cost,Unsmoothed actual,Base measure,Primary chronic conditions,"Diabetes",All,All,Medicare only,41013,Crook County,OREGON,Rural,American Indian/Alaska native,Old Age / Survivor's Insurance,"undefined",182
2019,County,Average principal cost,Unsmoothed actual,Base measure,Primary chronic conditions,"Diabetes",All,All,Medicare only,41015,Curry County,OREGON,Rural,American Indian/Alaska native,Old Age / Survivor's Insurance,"undefined",257
2019,County,Average principal cost,Unsmoothed actual,Base measure,Primary chronic conditions,"Diabetes",All,All,Medicare only,41017,Deschutes County,OREGON,Urban,American Indian/Alaska native,Old Age / Survivor's Insurance,"undefined",159
2019,County,Average principal cost,Unsmoothed actual,Base measure,Primary chronic conditions,"Diabetes",All,All,Medicare only,41019,Douglas County,OREGON,Rural,American Indian/Alaska native,Old Age / Survivor's Insurance,"undefined",245
2019,County,Average principal cost,Unsmoothed actual,Base measure,Primary chronic conditions,"Diabetes",All,All,Medicare only,41029,Jackson County,OREGON,Urban,American Indian/Alaska native,Old Age / Survivor's Insurance,"undefined",273
2019,County,Average principal cost,Unsmoothed actual,Base measure,Primary chronic conditions,"Diabetes",All,All,Medicare only,41031,Jefferson County,OREGON,Rural,American Indian/Alaska native,Old Age / Survivor's Insurance,"undefined",721
2019,County,Average principal cost,Unsmoothed actual,Base measure,Primary chronic conditions,"Diabetes",All,All,Medicare only,41035,Klamath County,OREGON,Rural,American Indian/Alaska native,Old Age / Survivor's Insurance,"undefined",306
2019,County,Average principal cost,Unsmoothed actual,Base measure,Primary chronic conditions,"Diabetes",All,All,Medicare only,41039,Lane County,OREGON,Urban,American Indian/Alaska native,Old Age / Survivor's Insurance,"undefined",287
2019,County,Average principal cost,Unsmoothed actual,Base measure,Primary chronic conditions,"Diabetes",All,All,Medicare only,41041,Lincoln County,OREGON,Rural,American Indian/Alaska native,Old Age / Survivor's Insurance,"undefined",567
2019,County,Average principal cost,Unsmoothed actual,Base measure,Primary chronic conditions,"Diabetes",All,All,Medicare only,41043,Linn County,OREGON,Rural,American Indian/Alaska native,Old Age / Survivor's Insurance,"undefined",401
2019,County,Average principal cost,Unsmoothed actual,Base measure,Primary chronic conditions,"Diabetes",All,All,Medicare only,41047,Marion County,OREGON,Urban,American Indian/Alaska native,Old Age / Survivor's Insurance,"undefined",333
2019,County,Average principal cost,Unsmoothed actual,Base measure,Primary chronic conditions,"Diabetes",All,All,Medicare only,41051,Multnomah County,OREGON,Urban,American Indian/Alaska native,Old Age / Survivor's Insurance,"undefined",2664
2019,County,Average principal cost,Unsmoothed actual,Base measure,Primary chronic conditions,"Diabetes",All,All,Medicare only,41053,Polk County,OREGON,Urban,American Indian/Alaska native,Old Age / Survivor's Insurance,"undefined",1564
2019,County,Average principal cost,Unsmoothed actual,Base measure,Primary chronic conditions,"Diabetes",All,All,Medicare only,41059,Umatilla County,OREGON,Rural,American Indian/Alaska native,Old Age / Survivor's Insurance,"undefined",656
2019,County,Average principal cost,Unsmoothed actual,Base measure,Primary chronic conditions,"Diabetes",All,All,Medicare only,41067,Washington County,OREGON,Urban,American Indian/Alaska native,Old Age / Survivor's Insurance,"undefined",213
2019,County,Average principal cost,Unsmoothed actual,Base measure,Primary chronic conditions,"Diabetes",All,All,Medicare only,41071,Yamhill County,OREGON,Urban,American Indian/Alaska native,Old Age / Survivor's Insurance,"undefined",765
2019,County,Average principal cost,Unsmoothed actual,Base measure,Primary chronic conditions,"Diabetes",All,All,Medicare only,44009,Washington County,RHODE ISLAND,Urban,American Indian/Alaska native,Old Age / Survivor's Insurance,"undefined",748
2019,County,Average principal cost,Unsmoothed actual,Base measure,Primary chronic conditions,"Diabetes",All,All,Medicare only,45091,York County,SOUTH CAROLINA,Urban,American Indian/Alaska native,Old Age / Survivor's Insurance,"undefined",580
2019,County,Average principal cost,Unsmoothed actual,Base measure,Primary chronic conditions,"Diabetes",All,All,Medicare only,46007,Bennett County,SOUTH DAKOTA,Rural,American Indian/Alaska native,Old Age / Survivor's Insurance,"undefined",2110
2019,County,Average principal cost,Unsmoothed actual,Base measure,Primary chronic conditions,"Diabetes",All,All,Medicare only,46013,Brown County,SOUTH DAKOTA,Rural,American Indian/Alaska native,Old Age / Survivor's Insurance,"undefined",341
2019,County,Average principal cost,Unsmoothed actual,Base measure,Primary chronic conditions,"Diabetes",All,All,Medicare only,46017,Buffalo County,SOUTH DAKOTA,Rural,American Indian/Alaska native,Old Age / Survivor's Insurance,"undefined",326
2019,County,Average principal cost,Unsmoothed actual,Base measure,Primary chronic conditions,"Diabetes",All,All,Medicare only,46023,Charles Mix County,SOUTH DAKOTA,Rural,American Indian/Alaska native,Old Age / Survivor's Insurance,"undefined",1491
2019,County,Average principal cost,Unsmoothed actual,Base measure,Primary chronic conditions,"Diabetes",All,All,Medicare only,46031,Corson County,SOUTH DAKOTA,Rural,American Indian/Alaska native,Old Age / Survivor's Insurance,"undefined",514
2019,County,Average principal cost,Unsmoothed actual,Base measure,Primary chronic conditions,"Diabetes",All,All,Medicare only,46033,Custer County,SOUTH DAKOTA,Rural,American Indian/Alaska native,Old Age / Survivor's Insurance,"undefined",486
2019,County,Average principal cost,Unsmoothed actual,Base measure,Primary chronic conditions,"Diabetes",All,All,Medicare only,46041,Dewey County,SOUTH DAKOTA,Rural,American Indian/Alaska native,Old Age / Survivor's Insurance,"undefined",692
2019,County,Average principal cost,Unsmoothed actual,Base measure,Primary chronic conditions,"Diabetes",All,All,Medicare only,46047,Fall River County,SOUTH DAKOTA,Rural,American Indian/Alaska native,Old Age / Survivor's Insurance,"undefined",196
2019,County,Average principal cost,Unsmoothed actual,Base measure,Primary chronic conditions,"Diabetes",All,All,Medicare only,46065,Hughes County,SOUTH DAKOTA,Rural,American Indian/Alaska native,Old Age / Survivor's Insurance,"undefined",389
2019,County,Average principal cost,Unsmoothed actual,Base measure,Primary chronic conditions,"Diabetes",All,All,Medicare only,46085,Lyman County,SOUTH DAKOTA,Rural,American Indian/Alaska native,Old Age / Survivor's Insurance,"undefined",4125
2019,County,Average principal cost,Unsmoothed actual,Base measure,Primary chronic conditions,"Diabetes",All,All,Medicare only,46093,Meade County,SOUTH DAKOTA,Urban,American Indian/Alaska native,Old Age / Survivor's Insurance,"undefined",73
2019,County,Average principal cost,Unsmoothed actual,Base measure,Primary chronic conditions,"Diabetes",All,All,Medicare only,46099,Minnehaha County,SOUTH DAKOTA,Urban,American Indian/Alaska native,Old Age / Survivor's Insurance,"undefined",2267
2019,County,Average principal cost,Unsmoothed actual,Base measure,Primary chronic conditions,"Diabetes",All,All,Medicare only,46101,Moody County,SOUTH DAKOTA,Rural,American Indian/Alaska native,Old Age / Survivor's Insurance,"undefined",999
2019,County,Average principal cost,Unsmoothed actual,Base measure,Primary chronic conditions,"Diabetes",All,All,Medicare only,46103,Pennington County,SOUTH DAKOTA,Urban,American Indian/Alaska native,Old Age / Survivor's Insurance,"undefined",828
2019,County,Average principal cost,Unsmoothed actual,Base measure,Primary chronic conditions,"Diabetes",All,All,Medicare only,46109,Roberts County,SOUTH DAKOTA,Rural,American Indian/Alaska native,Old Age / Survivor's Insurance,"undefined",405
2019,County,Average principal cost,Unsmoothed actual,Base measure,Primary chronic conditions,"Diabetes",All,All,Medicare only,46113,Oglala Lakota County,SOUTH DAKOTA,Rural,American Indian/Alaska native,Old Age / Survivor's Insurance,"undefined",379
2019,County,Average principal cost,Unsmoothed actual,Base measure,Primary chronic conditions,"Diabetes",All,All,Medicare only,46121,Todd County,SOUTH DAKOTA,Rural,American Indian/Alaska native,Old Age / Survivor's Insurance,"undefined",1618
2019,County,Average principal cost,Unsmoothed actual,Base measure,Primary chronic conditions,"Diabetes",All,All,Medicare only,46129,Walworth County,SOUTH DAKOTA,Rural,American Indian/Alaska native,Old Age / Survivor's Insurance,"undefined",2499
2019,County,Average principal cost,Unsmoothed actual,Base measure,Primary chronic conditions,"Diabetes",All,All,Medicare only,48029,Bexar County,TEXAS,Urban,American Indian/Alaska native,Old Age / Survivor's Insurance,"undefined",299
2019,County,Average principal cost,Unsmoothed actual,Base measure,Primary chronic conditions,"Diabetes",All,All,Medicare only,48085,Collin County,TEXAS,Urban,American Indian/Alaska native,Old Age / Survivor's Insurance,"undefined",1440
2019,County,Average principal cost,Unsmoothed actual,Base measure,Primary chronic conditions,"Diabetes",All,All,Medicare only,48113,Dallas County,TEXAS,Urban,American Indian/Alaska native,Old Age / Survivor's Insurance,"undefined",1064
2019,County,Average principal cost,Unsmoothed actual,Base measure,Primary chronic conditions,"Diabetes",All,All,Medicare only,48121,Denton County,TEXAS,Urban,American Indian/Alaska native,Old Age / Survivor's Insurance,"undefined",1100
2019,County,Average principal cost,Unsmoothed actual,Base measure,Primary chronic conditions,"Diabetes",All,All,Medicare only,48141,El Paso County,TEXAS,Urban,American Indian/Alaska native,Old Age / Survivor's Insurance,"undefined",765
2019,County,Average principal cost,Unsmoothed actual,Base measure,Primary chronic conditions,"Diabetes",All,All,Medicare only,48147,Fannin County,TEXAS,Rural,American Indian/Alaska native,Old Age / Survivor's Insurance,"undefined",1585
2019,County,Average principal cost,Unsmoothed actual,Base measure,Primary chronic conditions,"Diabetes",All,All,Medicare only,48181,Grayson County,TEXAS,Urban,American Indian/Alaska native,Old Age / Survivor's Insurance,"undefined",1140
2019,County,Average principal cost,Unsmoothed actual,Base measure,Primary chronic conditions,"Diabetes",All,All,Medicare only,48201,Harris County,TEXAS,Urban,American Indian/Alaska native,Old Age / Survivor's Insurance,"undefined",1319
2019,County,Average principal cost,Unsmoothed actual,Base measure,Primary chronic conditions,"Diabetes",All,All,Medicare only,48277,Lamar County,TEXAS,Rural,American Indian/Alaska native,Old Age / Survivor's Insurance,"undefined",1015
2019,County,Average principal cost,Unsmoothed actual,Base measure,Primary chronic conditions,"Diabetes",All,All,Medicare only,48339,Montgomery County,TEXAS,Urban,American Indian/Alaska native,Old Age / Survivor's Insurance,"undefined",631
2019,County,Average principal cost,Unsmoothed actual,Base measure,Primary chronic conditions,"Diabetes",All,All,Medicare only,48373,Polk County,TEXAS,Rural,American Indian/Alaska native,Old Age / Survivor's Insurance,"undefined",1463
2019,County,Average principal cost,Unsmoothed actual,Base measure,Primary chronic conditions,"Diabetes",All,All,Medicare only,48375,Potter County,TEXAS,Urban,American Indian/Alaska native,Old Age / Survivor's Insurance,"undefined",412
2019,County,Average principal cost,Unsmoothed actual,Base measure,Primary chronic conditions,"Diabetes",All,All,Medicare only,48439,Tarrant County,TEXAS,Urban,American Indian/Alaska native,Old Age / Survivor's Insurance,"undefined",569
2019,County,Average principal cost,Unsmoothed actual,Base measure,Primary chronic conditions,"Diabetes",All,All,Medicare only,48485,Wichita County,TEXAS,Urban,American Indian/Alaska native,Old Age / Survivor's Insurance,"undefined",1001
2019,County,Average principal cost,Unsmoothed actual,Base measure,Primary chronic conditions,"Diabetes",All,All,Medicare only,49013,Duchesne County,UTAH,Rural,American Indian/Alaska native,Old Age / Survivor's Insurance,"undefined",112
2019,County,Average principal cost,Unsmoothed actual,Base measure,Primary chronic conditions,"Diabetes",All,All,Medicare only,49021,Iron County,UTAH,Rural,American Indian/Alaska native,Old Age / Survivor's Insurance,"undefined",209
2019,County,Average principal cost,Unsmoothed actual,Base measure,Primary chronic conditions,"Diabetes",All,All,Medicare only,49035,Salt Lake County,UTAH,Urban,American Indian/Alaska native,Old Age / Survivor's Insurance,"undefined",257
2019,County,Average principal cost,Unsmoothed actual,Base measure,Primary chronic conditions,"Diabetes",All,All,Medicare only,49037,San Juan County,UTAH,Rural,American Indian/Alaska native,Old Age / Survivor's Insurance,"undefined",503
2019,County,Average principal cost,Unsmoothed actual,Base measure,Primary chronic conditions,"Diabetes",All,All,Medicare only,49047,Uintah County,UTAH,Rural,American Indian/Alaska native,Old Age / Survivor's Insurance,"undefined",133
2019,County,Average principal cost,Unsmoothed actual,Base measure,Primary chronic conditions,"Diabetes",All,All,Medicare only,49049,Utah County,UTAH,Urban,American Indian/Alaska native,Old Age / Survivor's Insurance,"undefined",500
2019,County,Average principal cost,Unsmoothed actual,Base measure,Primary chronic conditions,"Diabetes",All,All,Medicare only,49053,Washington County,UTAH,Urban,American Indian/Alaska native,Old Age / Survivor's Insurance,"undefined",505
2019,County,Average principal cost,Unsmoothed actual,Base measure,Primary chronic conditions,"Diabetes",All,All,Medicare only,53005,Benton County,WASHINGTON,Urban,American Indian/Alaska native,Old Age / Survivor's Insurance,"undefined",673
2019,County,Average principal cost,Unsmoothed actual,Base measure,Primary chronic conditions,"Diabetes",All,All,Medicare only,53009,Clallam County,WASHINGTON,Rural,American Indian/Alaska native,Old Age / Survivor's Insurance,"undefined",249
2019,County,Average principal cost,Unsmoothed actual,Base measure,Primary chronic conditions,"Diabetes",All,All,Medicare only,53011,Clark County,WASHINGTON,Urban,American Indian/Alaska native,Old Age / Survivor's Insurance,"undefined",382
2019,County,Average principal cost,Unsmoothed actual,Base measure,Primary chronic conditions,"Diabetes",All,All,Medicare only,53019,Ferry County,WASHINGTON,Rural,American Indian/Alaska native,Old Age / Survivor's Insurance,"undefined",934
2019,County,Average principal cost,Unsmoothed actual,Base measure,Primary chronic conditions,"Diabetes",All,All,Medicare only,53025,Grant County,WASHINGTON,Rural,American Indian/Alaska native,Old Age / Survivor's Insurance,"undefined",913
2019,County,Average principal cost,Unsmoothed actual,Base measure,Primary chronic conditions,"Diabetes",All,All,Medicare only,53027,Grays Harbor County,WASHINGTON,Rural,American Indian/Alaska native,Old Age / Survivor's Insurance,"undefined",347
2019,County,Average principal cost,Unsmoothed actual,Base measure,Primary chronic conditions,"Diabetes",All,All,Medicare only,53033,King County,WASHINGTON,Urban,American Indian/Alaska native,Old Age / Survivor's Insurance,"undefined",469
2019,County,Average principal cost,Unsmoothed actual,Base measure,Primary chronic conditions,"Diabetes",All,All,Medicare only,53035,Kitsap County,WASHINGTON,Urban,American Indian/Alaska native,Old Age / Survivor's Insurance,"undefined",327
2019,County,Average principal cost,Unsmoothed actual,Base measure,Primary chronic conditions,"Diabetes",All,All,Medicare only,53039,Klickitat County,WASHINGTON,Rural,American Indian/Alaska native,Old Age / Survivor's Insurance,"undefined",1045
2019,County,Average principal cost,Unsmoothed actual,Base measure,Primary chronic conditions,"Diabetes",All,All,Medicare only,53041,Lewis County,WASHINGTON,Rural,American Indian/Alaska native,Old Age / Survivor's Insurance,"undefined",2596
2019,County,Average principal cost,Unsmoothed actual,Base measure,Primary chronic conditions,"Diabetes",All,All,Medicare only,53043,Lincoln County,WASHINGTON,Rural,American Indian/Alaska native,Old Age / Survivor's Insurance,"undefined",658
2019,County,Average principal cost,Unsmoothed actual,Base measure,Primary chronic conditions,"Diabetes",All,All,Medicare only,53045,Mason County,WASHINGTON,Rural,American Indian/Alaska native,Old Age / Survivor's Insurance,"undefined",179
2019,County,Average principal cost,Unsmoothed actual,Base measure,Primary chronic conditions,"Diabetes",All,All,Medicare only,53047,Okanogan County,WASHINGTON,Rural,American Indian/Alaska native,Old Age / Survivor's Insurance,"undefined",726
2019,County,Average principal cost,Unsmoothed actual,Base measure,Primary chronic conditions,"Diabetes",All,All,Medicare only,53049,Pacific County,WASHINGTON,Rural,American Indian/Alaska native,Old Age / Survivor's Insurance,"undefined",500
2019,County,Average principal cost,Unsmoothed actual,Base measure,Primary chronic conditions,"Diabetes",All,All,Medicare only,53053,Pierce County,WASHINGTON,Urban,American Indian/Alaska native,Old Age / Survivor's Insurance,"undefined",1468
2019,County,Average principal cost,Unsmoothed actual,Base measure,Primary chronic conditions,"Diabetes",All,All,Medicare only,53057,Skagit County,WASHINGTON,Urban,American Indian/Alaska native,Old Age / Survivor's Insurance,"undefined",379
2019,County,Average principal cost,Unsmoothed actual,Base measure,Primary chronic conditions,"Diabetes",All,All,Medicare only,53061,Snohomish County,WASHINGTON,Urban,American Indian/Alaska native,Old Age / Survivor's Insurance,"undefined",297
2019,County,Average principal cost,Unsmoothed actual,Base measure,Primary chronic conditions,"Diabetes",All,All,Medicare only,53063,Spokane County,WASHINGTON,Urban,American Indian/Alaska native,Old Age / Survivor's Insurance,"undefined",773
2019,County,Average principal cost,Unsmoothed actual,Base measure,Primary chronic conditions,"Diabetes",All,All,Medicare only,53065,Stevens County,WASHINGTON,Rural,American Indian/Alaska native,Old Age / Survivor's Insurance,"undefined",338
2019,County,Average principal cost,Unsmoothed actual,Base measure,Primary chronic conditions,"Diabetes",All,All,Medicare only,53067,Thurston County,WASHINGTON,Urban,American Indian/Alaska native,Old Age / Survivor's Insurance,"undefined",1262
2019,County,Average principal cost,Unsmoothed actual,Base measure,Primary chronic conditions,"Diabetes",All,All,Medicare only,53073,Whatcom County,WASHINGTON,Urban,American Indian/Alaska native,Old Age / Survivor's Insurance,"undefined",274
2019,County,Average principal cost,Unsmoothed actual,Base measure,Primary chronic conditions,"Diabetes",All,All,Medicare only,53077,Yakima County,WASHINGTON,Urban,American Indian/Alaska native,Old Age / Survivor's Insurance,"undefined",758
2019,County,Average principal cost,Unsmoothed actual,Base measure,Primary chronic conditions,"Diabetes",All,All,Medicare only,55003,Ashland County,WISCONSIN,Rural,American Indian/Alaska native,Old Age / Survivor's Insurance,"undefined",284
2019,County,Average principal cost,Unsmoothed actual,Base measure,Primary chronic conditions,"Diabetes",All,All,Medicare only,55007,Bayfield County,WISCONSIN,Rural,American Indian/Alaska native,Old Age / Survivor's Insurance,"undefined",1054
2019,County,Average principal cost,Unsmoothed actual,Base measure,Primary chronic conditions,"Diabetes",All,All,Medicare only,55009,Brown County,WISCONSIN,Urban,American Indian/Alaska native,Old Age / Survivor's Insurance,"undefined",449
2019,County,Average principal cost,Unsmoothed actual,Base measure,Primary chronic conditions,"Diabetes",All,All,Medicare only,55013,Burnett County,WISCONSIN,Rural,American Indian/Alaska native,Old Age / Survivor's Insurance,"undefined",345
2019,County,Average principal cost,Unsmoothed actual,Base measure,Primary chronic conditions,"Diabetes",All,All,Medicare only,55021,Columbia County,WISCONSIN,Urban,American Indian/Alaska native,Old Age / Survivor's Insurance,"undefined",786
2019,County,Average principal cost,Unsmoothed actual,Base measure,Primary chronic conditions,"Diabetes",All,All,Medicare only,55025,Dane County,WISCONSIN,Urban,American Indian/Alaska native,Old Age / Survivor's Insurance,"undefined",449
2019,County,Average principal cost,Unsmoothed actual,Base measure,Primary chronic conditions,"Diabetes",All,All,Medicare only,55031,Douglas County,WISCONSIN,Urban,American Indian/Alaska native,Old Age / Survivor's Insurance,"undefined",399
2019,County,Average principal cost,Unsmoothed actual,Base measure,Primary chronic conditions,"Diabetes",All,All,Medicare only,55041,Forest County,WISCONSIN,Rural,American Indian/Alaska native,Old Age / Survivor's Insurance,"undefined",496
2019,County,Average principal cost,Unsmoothed actual,Base measure,Primary chronic conditions,"Diabetes",All,All,Medicare only,55053,Jackson County,WISCONSIN,Rural,American Indian/Alaska native,Old Age / Survivor's Insurance,"undefined",6716
2019,County,Average principal cost,Unsmoothed actual,Base measure,Primary chronic conditions,"Diabetes",All,All,Medicare only,55063,La Crosse County,WISCONSIN,Urban,American Indian/Alaska native,Old Age / Survivor's Insurance,"undefined",140
2019,County,Average principal cost,Unsmoothed actual,Base measure,Primary chronic conditions,"Diabetes",All,All,Medicare only,55078,Menominee County,WISCONSIN,Rural,American Indian/Alaska native,Old Age / Survivor's Insurance,"undefined",266
2019,County,Average principal cost,Unsmoothed actual,Base measure,Primary chronic conditions,"Diabetes",All,All,Medicare only,55079,Milwaukee County,WISCONSIN,Urban,American Indian/Alaska native,Old Age / Survivor's Insurance,"undefined",1865
2019,County,Average principal cost,Unsmoothed actual,Base measure,Primary chronic conditions,"Diabetes",All,All,Medicare only,55081,Monroe County,WISCONSIN,Rural,American Indian/Alaska native,Old Age / Survivor's Insurance,"undefined",335
2019,County,Average principal cost,Unsmoothed actual,Base measure,Primary chronic conditions,"Diabetes",All,All,Medicare only,55085,Oneida County,WISCONSIN,Rural,American Indian/Alaska native,Old Age / Survivor's Insurance,"undefined",593
2019,County,Average principal cost,Unsmoothed actual,Base measure,Primary chronic conditions,"Diabetes",All,All,Medicare only,55087,Outagamie County,WISCONSIN,Urban,American Indian/Alaska native,Old Age / Survivor's Insurance,"undefined",825
2019,County,Average principal cost,Unsmoothed actual,Base measure,Primary chronic conditions,"Diabetes",All,All,Medicare only,55111,Sauk County,WISCONSIN,Rural,American Indian/Alaska native,Old Age / Survivor's Insurance,"undefined",631
2019,County,Average principal cost,Unsmoothed actual,Base measure,Primary chronic conditions,"Diabetes",All,All,Medicare only,55113,Sawyer County,WISCONSIN,Rural,American Indian/Alaska native,Old Age / Survivor's Insurance,"undefined",239
2019,County,Average principal cost,Unsmoothed actual,Base measure,Primary chronic conditions,"Diabetes",All,All,Medicare only,55115,Shawano County,WISCONSIN,Rural,American Indian/Alaska native,Old Age / Survivor's Insurance,"undefined",341
2019,County,Average principal cost,Unsmoothed actual,Base measure,Primary chronic conditions,"Diabetes",All,All,Medicare only,55125,Vilas County,WISCONSIN,Rural,American Indian/Alaska native,Old Age / Survivor's Insurance,"undefined",385
2019,County,Average principal cost,Unsmoothed actual,Base measure,Primary chronic conditions,"Diabetes",All,All,Medicare only,55129,Washburn County,WISCONSIN,Rural,American Indian/Alaska native,Old Age / Survivor's Insurance,"undefined",152
2019,County,Average principal cost,Unsmoothed actual,Base measure,Primary chronic conditions,"Diabetes",All,All,Medicare only,55141,Wood County,WISCONSIN,Rural,American Indian/Alaska native,Old Age / Survivor's Insurance,"undefined",2990
2019,County,Average principal cost,Unsmoothed actual,Base measure,Primary chronic conditions,"Diabetes",All,All,Medicare only,56013,Fremont County,WYOMING,Rural,American Indian/Alaska native,Old Age / Survivor's Insurance,"undefined",1440